DROP DATABASE flight_booking_sys;
create database if not exists flight_booking_sys;

use flight_booking_sys;

-- User Table
CREATE TABLE Users(
    UserID INT AUTO_INCREMENT PRIMARY KEY,
    Username VARCHAR(50) UNIQUE NOT NULL,
    Email VARCHAR(100) UNIQUE NOT NULL,
    PhoneNumber VARCHAR(13)  NOT NULL,
    PasswordHash VARCHAR(100) NOT NULL,
    Role ENUM('user', 'admin') NOT NULL DEFAULT 'user',
    CreatedAt TIMESTAMP DEFAULT CURRENT_TIMESTAMP
);


-- Passenger Table
CREATE TABLE Passenger(
    PassengerID INT PRIMARY KEY AUTO_INCREMENT,
    FirstName VARCHAR(50),
    LastName VARCHAR(50),
    Email VARCHAR(100),
    PassportNumber VARCHAR(20)
);

-- Airport Table
CREATE TABLE Airport(
    AirportCode VARCHAR(3) PRIMARY KEY,
    AirportName VARCHAR(100),
    Location VARCHAR(255),
    Facilities VARCHAR(255)
);

-- Airline Table
CREATE TABLE Airline(
    AirlineID INT PRIMARY KEY,
    AirlineName VARCHAR(100),
    ContactNumber VARCHAR(20),
    OperatingRegion VARCHAR(100)
);

-- Flight Table
CREATE TABLE Flight(
    FlightID INT PRIMARY KEY AUTO_INCREMENT,
    FlightNumber VARCHAR(20) UNIQUE,
    DepartureDateTime DATETIME,
    ArrivalDateTime DATETIME,
    OriginAirportCode VARCHAR(3),
    DestinationAirportCode VARCHAR(3),
    TotalSeats INT,
    AvailableSeats INT,
    AirlineID INT, 
    FOREIGN KEY (OriginAirportCode) REFERENCES Airport(AirportCode),
    FOREIGN KEY (DestinationAirportCode) REFERENCES Airport(AirportCode),
    FOREIGN KEY (AirlineID) REFERENCES Airline(AirlineID)
);

-- Booking Table
CREATE TABLE Booking(
    BookingID INT PRIMARY KEY AUTO_INCREMENT,
    FlightID INT NOT NULL,
    PassengerID INT NOT NULL,
    UserID INT NOT NULL,
    BookingDate DATETIME DEFAULT CURRENT_TIMESTAMP,
    PaymentStatus VARCHAR(20),
    FOREIGN KEY (FlightID) REFERENCES Flight(FlightID),
    FOREIGN KEY (PassengerID) REFERENCES Passenger(PassengerID),
    FOREIGN KEY (UserID) REFERENCES Users(UserID)
);

-- Payment Table
CREATE TABLE Payment(
    PaymentID INT PRIMARY KEY,
    BookingID INT UNIQUE,
    PaymentMethod VARCHAR(50),
    Amount DECIMAL(10, 2),
    TransactionDateTime DATETIME,
    FOREIGN KEY (BookingID) REFERENCES Booking(BookingID)
);


-- Insert data into Users table
INSERT INTO users (username, email, phoneNumber, passwordHash, role) VALUES
('test_user', 'test_user@test.test', '00000000', '$2b$12$9FJc/VRtRzIGT39fPBF1Q.pXTS7KSmgf2Z/H/IXMWJkACA.4XtRrm', 'user'),
('john_doe', 'john.doe@example.com', '081234567890', '$2b$12$gQv3JcF0A9hDwxzTzpCvP.J9dtAwnP1cEYbrKXHgZoZhiDb6ykQn6', 'user'),
('jane_smith', 'jane.smith@example.com', '082345678901', '$2b$12$C7/78CJ7wz4m3tOHJQ/JIuk/NrDnaLs36yoEyn3ehKwINan.2F6Gm', 'user'),
('michael_brown', 'michael.brown@example.com', '083456789012', '$2b$12$Jj.DnTzUKx9vBOn0uGcZoOFYmfQHg6h7A1VdA6Rq1tWo4uQLmvF96', 'user'),
('alice_wonder', 'alice.wonder@example.com', '084567890123', '$2b$12$GdWz3PiYe4UveO4qlm8qIuvI0RC0OACwGqB2x3CnOYRGgCCcdATOS', 'user'),
('bob_marley', 'bob.marley@example.com', '085678901234', '$2b$12$J53bB2BvtxkMFDPQ5Cw9QeB7jMa4.y9WToDdIqluGpjMjEjTwn5.m', 'user'),
('charlie_pizza', 'charlie.pizza@example.com', '086789012345', '$2b$12$A1C2D3E4F5G6H7I8J9K0L1M2N3O4P5Q6R7S8T9U0V1W2X3Y4Z5A6', 'user'),
('david_sky', 'david.sky@example.com', '087890123456', '$2b$12$QpB2E7I/FKlYbKJ6p/xtAOMSL2pk68DTzF6gw8pJzKU1f0r8BXQ8m', 'user'),
('emma_water', 'emma.water@example.com', '088901234567', '$2b$12$L8V3Ye2P3bF92BGAw47hEOBaIC5wMLCQVnpxg1OmzJu6EKW7P3lG6', 'user'),
('frank_hill', 'frank.hill@example.com', '089012345678', '$2b$12$R59PpXlC.XJzW/dcvSxP3O.T8ClvFSna3He4JfIXCHqnmvFpe0l/y', 'user'),
('grace_moon', 'grace.moon@example.com', '080123456789', '$2b$12$J2aL56D8Y0XcPQV7M9LKOIJHGFEDCBA0987654321ZXCVBNMLKJHGF', 'user'),
('henry_ocean', 'henry.ocean@example.com', '081223344556', '$2b$12$HGFEDCBA0987654321ZXCVBNMLKJHGFDQWERTYUIOPASDFGHJKLZXCV', 'user'),
('isabella_wind', 'isabella.wind@example.com', '082334455667', '$2b$12$LKJHGFDSAMNBVCXZQWERTYUIOP0987654321ZXCVBNMLKJHGFDSAQWE', 'user'),
('jack_stone', 'jack.stone@example.com', '083445566778', '$2b$12$OIUYTREWQASDFGHJKLMNBVCXZ0987654321ZXCVBNMLKJHGFDSAQWER', 'user'),
('kate_river', 'kate.river@example.com', '084556677889', '$2b$12$MNBVCXZLKJHGFDSAQWERTYUIOP0987654321ZXCVBNMLKJHGFDSAQWE', 'user'),
('leo_sun', 'leo.sun@example.com', '085667788990', '$2b$12$QAZWSXEDCRFVTGBYHNUJMIKOLP0987654321ZXCVBNMLKJHGFDSAQWE', 'user'),
('maria_snow', 'maria.snow@example.com', '086778899001', '$2b$12$ZAQWSXEDCRFVTGBYHNUJMIKOLP0987654321ZXCVBNMLKJHGFDSAQWE', 'user'),
('nathan_leaf', 'nathan.leaf@example.com', '087889900112', '$2b$12$XSWEDCVFRBGTNHYMJIKOLP0987654321ZXCVBNMLKJHGFDSAQWERTYU', 'user'),
('olivia_storm', 'olivia.storm@example.com', '088990011223', '$2b$12$WSXEDCRFVTGBYHNUJMIKOLP0987654321ZXCVBNMLKJHGFDSAQWERTY', 'user'),
('paul_mountain', 'paul.mountain@example.com', '089001122334', '$2b$12$EDCRFVTGBYHNUJMIKOLP0987654321ZXCVBNMLKJHGFDSAQWERTYUI', 'user'),
('quinn_sea', 'quinn.sea@example.com', '080112233445', '$2b$12$RFVTGBYHNUJMIKOLP0987654321ZXCVBNMLKJHGFDSAQWERTYUIOPA', 'user'),
('rachel_sky', 'rachel.sky@example.com', '081223344556', '$2b$12$TGBYHNUJMIKOLP0987654321ZXCVBNMLKJHGFDSAQWERTYUIOPASDF', 'user'),
('sam_eagle', 'sam.eagle@example.com', '082334455667', '$2b$12$YHNUJMIKOLP0987654321ZXCVBNMLKJHGFDSAQWERTYUIOPASDFGHJ', 'user'),
('tina_wolf', 'tina.wolf@example.com', '083445566778', '$2b$12$NUJMIKOLP0987654321ZXCVBNMLKJHGFDSAQWERTYUIOPASDFGHJKL', 'user'),
('umar_bear', 'umar.bear@example.com', '084556677889', '$2b$12$MIKOLP0987654321ZXCVBNMLKJHGFDSAQWERTYUIOPASDFGHJKLZXCV', 'user'),
('victor_lion', 'victor.lion@example.com', '085667788990', '$2b$12$KOLP0987654321ZXCVBNMLKJHGFDSAQWERTYUIOPASDFGHJKLZXCVB', 'user'),
('wendy_fox', 'wendy.fox@example.com', '086778899001', '$2b$12$LP0987654321ZXCVBNMLKJHGFDSAQWERTYUIOPASDFGHJKLZXCVBNM', 'user'),
('xander_snake', 'xander.snake@example.com', '087889900112', '$2b$12$P0987654321ZXCVBNMLKJHGFDSAQWERTYUIOPASDFGHJKLZXCVBNML', 'user'),
('yolanda_tiger', 'yolanda.tiger@example.com', '088990011223', '$2b$12$0987654321ZXCVBNMLKJHGFDSAQWERTYUIOPASDFGHJKLZXCVBNMLK', 'user'),
('test_admin', 'admin@admin.test', '00000000', '$2b$12$Q5B.NLeKWso9siWp1KDA2eHs5NV0eeIay04tac4vSQNCALHe73EBO', 'admin');

-- Insert data into Airport table
INSERT INTO Airport (AirportCode, AirportName, Location, Facilities) VALUES
('JFK', 'John F. Kennedy International Airport', 'New York, USA', 'Lounge, WiFi, Duty-Free'),
('LAX', 'Los Angeles International Airport', 'Los Angeles, USA', 'Lounge, Parking, Shops'),
('ORD', 'O''Hare International Airport', 'Chicago, USA', 'Restaurants, Lounge, Car Rental'),
('HND', 'Haneda Airport', 'Tokyo, Japan', 'WiFi, Hotels, Restaurants'),
('LHR', 'Heathrow Airport', 'London, UK', 'Duty-Free, Parking, Lounge'),
('CGK', 'Soekarno-Hatta International Airport', 'Jakarta, Indonesia', 'Lounge, WiFi, Duty-Free'),
('DPS', 'Ngurah Rai International Airport', 'Bali, Indonesia', 'Lounge, Parking, Shops'),
('SIN', 'Changi Airport', 'Singapore', 'WiFi, Hotels, Restaurants'),
('SYD', 'Sydney Kingsford Smith Airport', 'Sydney, Australia', 'Duty-Free, Lounge, Transport'),
('DXB', 'Dubai International Airport', 'Dubai, UAE', 'Luxury Shops, Lounges, Hotels'),
('HKG', 'Hong Kong International Airport', 'Hong Kong', 'Shopping, Hotels, Restaurants'),
('ICN', 'Incheon International Airport', 'Seoul, South Korea', 'Duty-Free, Spa, Entertainment'),
('LGA', 'LaGuardia Airport', 'New York, USA', 'Restaurants, Parking, Shopping'),
('MEL', 'Melbourne Airport', 'Melbourne, Australia', 'Lounge, Car Rental, Duty-Free'),
('BKK', 'Suvarnabhumi Airport', 'Bangkok, Thailand', 'Shopping, Hotels, Spa'),
('KUL', 'Kuala Lumpur International Airport', 'Kuala Lumpur, Malaysia', 'Duty-Free, WiFi, Lounge'),
('AMS', 'Amsterdam Schiphol Airport', 'Amsterdam, Netherlands', 'Shops, Hotels, Transport'),
('FRA', 'Frankfurt Airport', 'Frankfurt, Germany', 'Shopping, Business Lounge, Transport'),
('CDG', 'Charles de Gaulle Airport', 'Paris, France', 'Duty-Free, Hotels, Restaurants'),
('MAD', 'Madrid-Barajas Airport', 'Madrid, Spain', 'Shopping, Restaurants, Transport');

-- Insert data into Airline table
INSERT INTO Airline (AirlineID, AirlineName, ContactNumber, OperatingRegion) VALUES
(1, 'American Airlines', '+1-800-433-7300', 'North America'),
(2, 'Japan Airlines', '+81-3-5460-3121', 'Asia'),
(3, 'British Airways', '+44-20-8738-5050', 'Europe'),
(4, 'Garuda Indonesia', '+62-21-2351-9999', 'Asia, Australia'),
(5, 'Singapore Airlines', '+65-6789-1234', 'Asia, Europe, North America'),
(6, 'Emirates', '+971-600-555-555', 'Middle East, Europe, North America'),
(7, 'Qantas', '+61-732-111-111', 'Australia, Asia, USA'),
(8, 'Cathay Pacific', '+852-2747-3333', 'Asia, Europe, North America'),
(9, 'Korean Air', '+82-234-567-890', 'Asia, USA, Europe'),
(10, 'Japan Airlines', '+81-345-678-901', 'Asia, Europe, North America'),
(11, 'Lufthansa', '+49-691-234-5678', 'Europe, Asia, North America'),
(12, 'Air France', '+33-123-456-789', 'Europe, Asia, USA');

-- Insert data into Flight table
INSERT INTO Flight (FlightID, FlightNumber, DepartureDateTime, ArrivalDateTime, OriginAirportCode, DestinationAirportCode, TotalSeats, AvailableSeats, AirlineID) VALUES
(1, 'AA100', '2025-03-01 08:00:00', '2025-03-01 12:00:00', 'JFK', 'LAX', 250, 200, 1),
(2, 'JL200', '2025-03-02 10:00:00', '2025-03-02 18:00:00', 'HND', 'LHR', 220, 180, 2),
(3, 'BA300', '2025-03-03 15:00:00', '2025-03-03 19:00:00', 'LHR', 'ORD', 220, 90, 3),
(4, 'GA600', '2025-05-01 10:00:00', '2025-05-01 14:00:00', 'CGK', 'SIN', 200, 150, 4),
(5, 'SQ700', '2025-05-02 15:00:00', '2025-05-02 18:00:00', 'SIN', 'DPS', 250, 180, 5),
(6, 'EK800', '2025-05-03 22:00:00', '2025-05-04 06:00:00', 'DXB', 'SYD', 220, 180, 6),
(7, 'QF900', '2025-05-04 08:00:00', '2025-05-04 16:00:00', 'SYD', 'HND', 300, 250, 7),
(8, 'CX1000', '2025-05-05 12:00:00', '2025-05-05 18:00:00', 'HKG', 'LAX', 280, 200, 8),
(9, 'KE1100', '2025-05-06 14:00:00', '2025-05-06 22:00:00', 'ICN', 'CDG', 180, 100, 9),
(10, 'JL1200', '2025-05-07 06:00:00', '2025-05-07 14:00:00', 'HND', 'AMS', 220, 50, 2),
(11, 'LH1300', '2025-05-08 10:00:00', '2025-05-08 14:00:00', 'FRA', 'MAD', 200, 180, 11),
(12, 'AF1400', '2025-05-09 16:00:00', '2025-05-09 22:00:00', 'CDG', 'LGA', 240, 210, 12),
(13, 'BA1500', '2025-05-10 08:00:00', '2025-05-10 12:00:00', 'LHR', 'BKK', 230, 210, 3),  
(14, 'MH1600', '2025-05-11 11:00:00', '2025-05-11 15:00:00', 'KUL', 'ICN', 220, 200, 9), 
(15, 'SQ1700', '2025-05-12 07:00:00', '2025-05-12 13:00:00', 'SIN', 'DXB', 180, 160, 5), 
(16, 'AA1800', '2025-05-13 12:00:00', '2025-05-13 18:00:00', 'JFK', 'ORD', 200, 180, 1),
(17, 'DL1900', '2025-05-14 14:00:00', '2025-05-14 18:00:00', 'LGA', 'MEL', 190, 170, 1), 
(18, 'EK2000', '2025-05-15 21:00:00', '2025-05-16 06:00:00', 'DXB', 'FRA', 240, 220, 6), 
(19, 'QR2100', '2025-05-16 09:00:00', '2025-05-16 17:00:00', 'SIN', 'AMS', 220, 200, 11), 
(20, 'AF2200', '2025-05-17 10:00:00', '2025-05-17 16:00:00', 'CDG', 'SIN', 230, 210, 12), 
(21, 'QF2300', '2025-05-18 05:00:00', '2025-05-18 12:00:00', 'SYD', 'KUL', 210, 190, 7), 
(22, 'CX2400', '2025-05-19 07:00:00', '2025-05-19 13:00:00', 'HKG', 'MAD', 200, 180, 8),  
(23, 'BA2500', '2025-05-20 09:00:00', '2025-05-20 17:00:00', 'LHR', 'CGK', 220, 200, 3); 

-- Insert data into Passenger table
insert into Passenger (FirstName, LastName, email, PassportNumber) values ('Kim', 'Kinkaid', 'kkinkaid0@fotki.com', '41-360-2841');
insert into Passenger (FirstName, LastName, email, PassportNumber) values ('Euphemia', 'Shillito', 'eshillito1@purevolume.com', '53-772-6255');
insert into Passenger (FirstName, LastName, email, PassportNumber) values ('Reyna', 'Pyson', 'rpyson2@gov.uk', '59-100-2077');
insert into Passenger (FirstName, LastName, email, PassportNumber) values ('Adrian', 'Shearn', 'ashearn3@squidoo.com', '10-232-9281');
insert into Passenger (FirstName, LastName, email, PassportNumber) values ('Kalie', 'Doodney', 'kdoodney4@a8.net', '24-500-4783');
insert into Passenger (FirstName, LastName, email, PassportNumber) values ('Orella', 'Gadie', 'ogadie5@slideshare.net', '49-217-8891');
insert into Passenger (FirstName, LastName, email, PassportNumber) values ('Valma', 'Gage', 'vgage6@feedburner.com', '29-980-6670');
insert into Passenger (FirstName, LastName, email, PassportNumber) values ('Adey', 'Winkell', 'awinkell7@squidoo.com', '71-172-1136');
insert into Passenger (FirstName, LastName, email, PassportNumber) values ('Arnold', 'Shower', 'ashower8@cbslocal.com', '22-665-2248');
insert into Passenger (FirstName, LastName, email, PassportNumber) values ('Jeremy', 'Oldred', 'joldred9@livejournal.com', '89-167-7403');
insert into Passenger (FirstName, LastName, email, PassportNumber) values ('Sampson', 'L''Hommee', 'slhommeea@boston.com', '98-184-8852');
insert into Passenger (FirstName, LastName, email, PassportNumber) values ('Kenon', 'Thorouggood', 'kthorouggoodb@smh.com.au', '09-889-4299');
insert into Passenger (FirstName, LastName, email, PassportNumber) values ('Maddie', 'Hayen', 'mhayenc@google.it', '51-345-0793');
insert into Passenger (FirstName, LastName, email, PassportNumber) values ('Tara', 'Paybody', 'tpaybodyd@ftc.gov', '59-245-1634');
insert into Passenger (FirstName, LastName, email, PassportNumber) values ('Gertrude', 'Mourge', 'gmourgee@columbia.edu', '14-655-7573');
insert into Passenger (FirstName, LastName, email, PassportNumber) values ('Holly', 'Reuven', 'hreuvenf@amazon.co.uk', '88-169-9510');
insert into Passenger (FirstName, LastName, email, PassportNumber) values ('Harley', 'Aldersea', 'halderseag@youtu.be', '21-476-6123');
insert into Passenger (FirstName, LastName, email, PassportNumber) values ('Brinna', 'Huggons', 'bhuggonsh@biglobe.ne.jp', '29-028-8852');
insert into Passenger (FirstName, LastName, email, PassportNumber) values ('Kattie', 'Gorgler', 'kgorgleri@samsung.com', '27-330-5219');
insert into Passenger (FirstName, LastName, email, PassportNumber) values ('Shelba', 'Swyne', 'sswynej@opensource.org', '06-758-0386');
insert into Passenger (FirstName, LastName, email, PassportNumber) values ('Horst', 'Goady', 'hgoadyk@freewebs.com', '88-278-7229');
insert into Passenger (FirstName, LastName, email, PassportNumber) values ('Lionel', 'Andreaccio', 'landreacciol@who.int', '94-306-7700');
insert into Passenger (FirstName, LastName, email, PassportNumber) values ('Georges', 'Dalziell', 'gdalziellm@infoseek.co.jp', '16-676-1908');
insert into Passenger (FirstName, LastName, email, PassportNumber) values ('Teodoor', 'Bockett', 'tbockettn@guardian.co.uk', '83-639-5392');
insert into Passenger (FirstName, LastName, email, PassportNumber) values ('Scottie', 'Arsey', 'sarseyo@statcounter.com', '54-499-4846');
insert into Passenger (FirstName, LastName, email, PassportNumber) values ('Sawyer', 'Hickisson', 'shickissonp@google.com.hk', '31-943-8801');
insert into Passenger (FirstName, LastName, email, PassportNumber) values ('Quentin', 'Cuttings', 'qcuttingsq@hatena.ne.jp', '33-838-2754');
insert into Passenger (FirstName, LastName, email, PassportNumber) values ('Rowena', 'Millichip', 'rmillichipr@4shared.com', '20-768-2217');
insert into Passenger (FirstName, LastName, email, PassportNumber) values ('Mara', 'Bunson', 'mbunsons@go.com', '60-766-4004');
insert into Passenger (FirstName, LastName, email, PassportNumber) values ('Issie', 'Auld', 'iauldt@walmart.com', '66-901-0915');
insert into Passenger (FirstName, LastName, email, PassportNumber) values ('Margaretta', 'Corringham', 'mcorringhamu@symantec.com', '60-916-7693');
insert into Passenger (FirstName, LastName, email, PassportNumber) values ('Tony', 'Yushachkov', 'tyushachkovv@jiathis.com', '44-052-9510');
insert into Passenger (FirstName, LastName, email, PassportNumber) values ('Sharon', 'Darridon', 'sdarridonw@weebly.com', '53-388-0277');
insert into Passenger (FirstName, LastName, email, PassportNumber) values ('Marje', 'Merrell', 'mmerrellx@abc.net.au', '66-866-3961');
insert into Passenger (FirstName, LastName, email, PassportNumber) values ('Calvin', 'Brafield', 'cbrafieldy@amazon.com', '07-163-9247');
insert into Passenger (FirstName, LastName, email, PassportNumber) values ('Skye', 'Kubal', 'skubalz@hp.com', '27-863-5071');
insert into Passenger (FirstName, LastName, email, PassportNumber) values ('Chrissy', 'Labram', 'clabram10@myspace.com', '75-262-9323');
insert into Passenger (FirstName, LastName, email, PassportNumber) values ('Geri', 'Colwill', 'gcolwill11@foxnews.com', '02-511-1018');
insert into Passenger (FirstName, LastName, email, PassportNumber) values ('Corey', 'Tipping', 'ctipping12@dedecms.com', '90-149-8633');
insert into Passenger (FirstName, LastName, email, PassportNumber) values ('Olympe', 'Campanelle', 'ocampanelle13@jiathis.com', '33-205-5291');
insert into Passenger (FirstName, LastName, email, PassportNumber) values ('Brig', 'Konzelmann', 'bkonzelmann14@wunderground.com', '08-200-8137');
insert into Passenger (FirstName, LastName, email, PassportNumber) values ('Burnaby', 'Duckhouse', 'bduckhouse15@nifty.com', '29-000-3381');
insert into Passenger (FirstName, LastName, email, PassportNumber) values ('Tawnya', 'Candlish', 'tcandlish16@cnbc.com', '64-468-0276');
insert into Passenger (FirstName, LastName, email, PassportNumber) values ('Gauthier', 'Cashmore', 'gcashmore17@ocn.ne.jp', '52-912-8125');
insert into Passenger (FirstName, LastName, email, PassportNumber) values ('Pen', 'Becerro', 'pbecerro18@behance.net', '37-522-6902');
insert into Passenger (FirstName, LastName, email, PassportNumber) values ('Camilla', 'Ousley', 'cousley19@hugedomains.com', '45-318-2826');
insert into Passenger (FirstName, LastName, email, PassportNumber) values ('Basilius', 'Stiell', 'bstiell1a@usgs.gov', '99-575-9246');
insert into Passenger (FirstName, LastName, email, PassportNumber) values ('Wilmer', 'Craven', 'wcraven1b@blinklist.com', '39-649-0609');
insert into Passenger (FirstName, LastName, email, PassportNumber) values ('Kizzee', 'Glacken', 'kglacken1c@jigsy.com', '71-020-9232');
insert into Passenger (FirstName, LastName, email, PassportNumber) values ('Happy', 'Fayne', 'hfayne1d@trellian.com', '11-051-9976');
insert into Passenger (FirstName, LastName, email, PassportNumber) values ('Renate', 'Peinke', 'rpeinke1e@godaddy.com', '26-513-0822');
insert into Passenger (FirstName, LastName, email, PassportNumber) values ('Fransisco', 'Lattka', 'flattka1f@spotify.com', '92-689-1850');
insert into Passenger (FirstName, LastName, email, PassportNumber) values ('Wenda', 'Climson', 'wclimson1g@linkedin.com', '89-009-3068');
insert into Passenger (FirstName, LastName, email, PassportNumber) values ('Mallorie', 'Durn', 'mdurn1h@feedburner.com', '09-751-7365');
insert into Passenger (FirstName, LastName, email, PassportNumber) values ('Hewett', 'Knobell', 'hknobell1i@cornell.edu', '42-207-4664');
insert into Passenger (FirstName, LastName, email, PassportNumber) values ('Kamillah', 'Popplewell', 'kpopplewell1j@nhs.uk', '92-443-9946');
insert into Passenger (FirstName, LastName, email, PassportNumber) values ('Sari', 'Campagne', 'scampagne1k@alibaba.com', '63-692-1048');
insert into Passenger (FirstName, LastName, email, PassportNumber) values ('Corilla', 'Seawright', 'cseawright1l@auda.org.au', '55-832-1269');
insert into Passenger (FirstName, LastName, email, PassportNumber) values ('Simeon', 'Domesday', 'sdomesday1m@craigslist.org', '23-004-3335');
insert into Passenger (FirstName, LastName, email, PassportNumber) values ('Yovonnda', 'Severns', 'yseverns1n@wunderground.com', '51-009-6761');
insert into Passenger (FirstName, LastName, email, PassportNumber) values ('Beckie', 'Daelman', 'bdaelman1o@ihg.com', '16-802-0023');
insert into Passenger (FirstName, LastName, email, PassportNumber) values ('Dougie', 'Griffitt', 'dgriffitt1p@google.com.hk', '24-303-0559');
insert into Passenger (FirstName, LastName, email, PassportNumber) values ('Kenton', 'Cobain', 'kcobain1q@over-blog.com', '11-164-2444');
insert into Passenger (FirstName, LastName, email, PassportNumber) values ('Olin', 'Hinz', 'ohinz1r@github.io', '25-819-8407');
insert into Passenger (FirstName, LastName, email, PassportNumber) values ('Bobbette', 'Gilstin', 'bgilstin1s@slideshare.net', '53-301-4736');
insert into Passenger (FirstName, LastName, email, PassportNumber) values ('Jobye', 'Riepl', 'jriepl1t@4shared.com', '16-053-7741');
insert into Passenger (FirstName, LastName, email, PassportNumber) values ('Biddy', 'Reek', 'breek1u@issuu.com', '20-409-3915');
insert into Passenger (FirstName, LastName, email, PassportNumber) values ('Sonya', 'Verny', 'sverny1v@apache.org', '61-430-0876');
insert into Passenger (FirstName, LastName, email, PassportNumber) values ('Diena', 'Brotherheed', 'dbrotherheed1w@parallels.com', '32-073-0177');
insert into Passenger (FirstName, LastName, email, PassportNumber) values ('Winnie', 'Grose', 'wgrose1x@youtube.com', '05-104-3664');
insert into Passenger (FirstName, LastName, email, PassportNumber) values ('Umeko', 'Horsefield', 'uhorsefield1y@archive.org', '51-324-9581');
insert into Passenger (FirstName, LastName, email, PassportNumber) values ('Elmer', 'O''Logan', 'eologan1z@imgur.com', '55-744-1415');
insert into Passenger (FirstName, LastName, email, PassportNumber) values ('Wildon', 'Fatkin', 'wfatkin20@foxnews.com', '15-382-2562');
insert into Passenger (FirstName, LastName, email, PassportNumber) values ('Judon', 'Parkisson', 'jparkisson21@spiegel.de', '87-806-6220');
insert into Passenger (FirstName, LastName, email, PassportNumber) values ('Alisa', 'Hubbart', 'ahubbart22@de.vu', '08-358-2504');
insert into Passenger (FirstName, LastName, email, PassportNumber) values ('Lynde', 'Faccini', 'lfaccini23@yale.edu', '89-934-9243');
insert into Passenger (FirstName, LastName, email, PassportNumber) values ('Katalin', 'Brinicombe', 'kbrinicombe24@sakura.ne.jp', '45-819-8907');
insert into Passenger (FirstName, LastName, email, PassportNumber) values ('Raynard', 'Jozefowicz', 'rjozefowicz25@webnode.com', '69-578-4915');
insert into Passenger (FirstName, LastName, email, PassportNumber) values ('Tiphani', 'D''Hooge', 'tdhooge26@blog.com', '36-572-8298');
insert into Passenger (FirstName, LastName, email, PassportNumber) values ('Ambrosi', 'Tring', 'atring27@wisc.edu', '61-581-2795');
insert into Passenger (FirstName, LastName, email, PassportNumber) values ('Tonnie', 'Toleman', 'ttoleman28@about.me', '11-025-6721');
insert into Passenger (FirstName, LastName, email, PassportNumber) values ('Domenic', 'Gagin', 'dgagin29@ted.com', '96-789-8804');
insert into Passenger (FirstName, LastName, email, PassportNumber) values ('Codee', 'Appleton', 'cappleton2a@miibeian.gov.cn', '41-059-3490');
insert into Passenger (FirstName, LastName, email, PassportNumber) values ('Fax', 'Brumwell', 'fbrumwell2b@dailymotion.com', '86-757-3104');
insert into Passenger (FirstName, LastName, email, PassportNumber) values ('Itch', 'Cotillard', 'icotillard2c@epa.gov', '97-952-2022');
insert into Passenger (FirstName, LastName, email, PassportNumber) values ('Carma', 'Davitt', 'cdavitt2d@house.gov', '20-084-0349');
insert into Passenger (FirstName, LastName, email, PassportNumber) values ('Malory', 'Yter', 'myter2e@scientificamerican.com', '21-902-1254');
insert into Passenger (FirstName, LastName, email, PassportNumber) values ('Eydie', 'Gallier', 'egallier2f@bing.com', '69-090-5341');
insert into Passenger (FirstName, LastName, email, PassportNumber) values ('Townie', 'Dempster', 'tdempster2g@alibaba.com', '26-860-1585');
insert into Passenger (FirstName, LastName, email, PassportNumber) values ('Kira', 'Perel', 'kperel2h@shinystat.com', '26-031-4074');
insert into Passenger (FirstName, LastName, email, PassportNumber) values ('Jada', 'Sparsholt', 'jsparsholt2i@blogs.com', '89-901-0845');
insert into Passenger (FirstName, LastName, email, PassportNumber) values ('Genevra', 'McWhan', 'gmcwhan2j@altervista.org', '68-997-2872');
insert into Passenger (FirstName, LastName, email, PassportNumber) values ('Crichton', 'Wiffill', 'cwiffill2k@census.gov', '75-750-1766');
insert into Passenger (FirstName, LastName, email, PassportNumber) values ('Finlay', 'Bockmaster', 'fbockmaster2l@seesaa.net', '02-387-8236');
insert into Passenger (FirstName, LastName, email, PassportNumber) values ('Ardath', 'Smetoun', 'asmetoun2m@homestead.com', '91-045-1687');
insert into Passenger (FirstName, LastName, email, PassportNumber) values ('Lindsey', 'Surgener', 'lsurgener2n@mozilla.org', '31-785-3592');
insert into Passenger (FirstName, LastName, email, PassportNumber) values ('Mathe', 'Canto', 'mcanto2o@loc.gov', '64-638-7830');
insert into Passenger (FirstName, LastName, email, PassportNumber) values ('Alphonse', 'O''Geaney', 'aogeaney2p@exblog.jp', '37-706-2843');
insert into Passenger (FirstName, LastName, email, PassportNumber) values ('Orelee', 'Tennewell', 'otennewell2q@last.fm', '89-736-7056');
insert into Passenger (FirstName, LastName, email, PassportNumber) values ('Liva', 'Jacombs', 'ljacombs2r@nature.com', '26-285-2159');
insert into Passenger (FirstName, LastName, email, PassportNumber) values ('Sherman', 'Jain', 'sjain2s@multiply.com', '31-400-6008');
insert into Passenger (FirstName, LastName, email, PassportNumber) values ('Gracia', 'Mantram', 'gmantram2t@apache.org', '47-326-4464');
insert into Passenger (FirstName, LastName, email, PassportNumber) values ('Rogers', 'Gelly', 'rgelly2u@virginia.edu', '15-492-1391');
insert into Passenger (FirstName, LastName, email, PassportNumber) values ('Zsazsa', 'Barltrop', 'zbarltrop2v@mapy.cz', '68-764-0923');
insert into Passenger (FirstName, LastName, email, PassportNumber) values ('Lewie', 'Asty', 'lasty2w@prlog.org', '82-407-5985');
insert into Passenger (FirstName, LastName, email, PassportNumber) values ('Florentia', 'Ramard', 'framard2x@miibeian.gov.cn', '35-115-3870');
insert into Passenger (FirstName, LastName, email, PassportNumber) values ('Chevy', 'Ranklin', 'cranklin2y@amazonaws.com', '72-804-5664');
insert into Passenger (FirstName, LastName, email, PassportNumber) values ('Trish', 'Maskill', 'tmaskill2z@naver.com', '78-979-8132');
insert into Passenger (FirstName, LastName, email, PassportNumber) values ('Vyky', 'Floris', 'vfloris30@europa.eu', '67-238-5714');
insert into Passenger (FirstName, LastName, email, PassportNumber) values ('Hillel', 'Gounin', 'hgounin31@microsoft.com', '50-832-3174');
insert into Passenger (FirstName, LastName, email, PassportNumber) values ('Elwyn', 'Bilsborrow', 'ebilsborrow32@bloglovin.com', '26-354-4742');
insert into Passenger (FirstName, LastName, email, PassportNumber) values ('Lani', 'Messingham', 'lmessingham33@surveymonkey.com', '46-969-0211');
insert into Passenger (FirstName, LastName, email, PassportNumber) values ('Wait', 'Bootland', 'wbootland34@sciencedaily.com', '23-698-8805');
insert into Passenger (FirstName, LastName, email, PassportNumber) values ('Gwenore', 'Thynne', 'gthynne35@indiatimes.com', '27-148-0822');
insert into Passenger (FirstName, LastName, email, PassportNumber) values ('Sofie', 'Yitzhakov', 'syitzhakov36@jimdo.com', '50-548-6220');
insert into Passenger (FirstName, LastName, email, PassportNumber) values ('Giorgi', 'Blackey', 'gblackey37@craigslist.org', '33-399-6064');
insert into Passenger (FirstName, LastName, email, PassportNumber) values ('Calida', 'Jaye', 'cjaye38@fema.gov', '83-874-0771');
insert into Passenger (FirstName, LastName, email, PassportNumber) values ('Ysabel', 'Frayn', 'yfrayn39@archive.org', '21-652-3390');
insert into Passenger (FirstName, LastName, email, PassportNumber) values ('Patsy', 'Allcott', 'pallcott3a@twitpic.com', '53-716-7501');
insert into Passenger (FirstName, LastName, email, PassportNumber) values ('Belinda', 'Jamblin', 'bjamblin3b@com.com', '49-344-1646');
insert into Passenger (FirstName, LastName, email, PassportNumber) values ('Thedric', 'Kellington', 'tkellington3c@yelp.com', '73-661-2573');
insert into Passenger (FirstName, LastName, email, PassportNumber) values ('Algernon', 'Davidowsky', 'adavidowsky3d@slideshare.net', '33-162-1079');
insert into Passenger (FirstName, LastName, email, PassportNumber) values ('Cherin', 'Robiot', 'crobiot3e@gmpg.org', '20-020-2795');
insert into Passenger (FirstName, LastName, email, PassportNumber) values ('Darb', 'Pyrke', 'dpyrke3f@youku.com', '50-092-1508');
insert into Passenger (FirstName, LastName, email, PassportNumber) values ('Joel', 'Negus', 'jnegus3g@unc.edu', '31-852-3732');
insert into Passenger (FirstName, LastName, email, PassportNumber) values ('Gillie', 'Dewhurst', 'gdewhurst3h@wunderground.com', '41-105-9109');
insert into Passenger (FirstName, LastName, email, PassportNumber) values ('Troy', 'Buckles', 'tbuckles3i@scientificamerican.com', '00-950-8807');
insert into Passenger (FirstName, LastName, email, PassportNumber) values ('Kat', 'Bortolini', 'kbortolini3j@booking.com', '95-435-9866');
insert into Passenger (FirstName, LastName, email, PassportNumber) values ('Wynne', 'Strathearn', 'wstrathearn3k@w3.org', '83-948-7670');
insert into Passenger (FirstName, LastName, email, PassportNumber) values ('Maryanne', 'Feben', 'mfeben3l@hatena.ne.jp', '39-185-3536');
insert into Passenger (FirstName, LastName, email, PassportNumber) values ('Taddeusz', 'Folker', 'tfolker3m@google.it', '21-888-7222');
insert into Passenger (FirstName, LastName, email, PassportNumber) values ('Tirrell', 'Warr', 'twarr3n@weebly.com', '43-810-4734');
insert into Passenger (FirstName, LastName, email, PassportNumber) values ('Silvana', 'Showler', 'sshowler3o@go.com', '21-246-6292');
insert into Passenger (FirstName, LastName, email, PassportNumber) values ('Jimmy', 'Woodbridge', 'jwoodbridge3p@theglobeandmail.com', '24-821-7264');
insert into Passenger (FirstName, LastName, email, PassportNumber) values ('Jarrid', 'Labarre', 'jlabarre3q@unicef.org', '85-230-0949');
insert into Passenger (FirstName, LastName, email, PassportNumber) values ('Chloe', 'Shawyer', 'cshawyer3r@domainmarket.com', '81-421-4808');
insert into Passenger (FirstName, LastName, email, PassportNumber) values ('Starlene', 'Neilly', 'sneilly3s@digg.com', '96-793-9010');
insert into Passenger (FirstName, LastName, email, PassportNumber) values ('Justinn', 'Cursey', 'jcursey3t@networksolutions.com', '96-065-7194');
insert into Passenger (FirstName, LastName, email, PassportNumber) values ('Nathanil', 'Durgan', 'ndurgan3u@moonfruit.com', '33-741-4081');
insert into Passenger (FirstName, LastName, email, PassportNumber) values ('Liza', 'Inglesent', 'linglesent3v@yale.edu', '13-754-6282');
insert into Passenger (FirstName, LastName, email, PassportNumber) values ('Leonid', 'Durden', 'ldurden3w@gravatar.com', '71-813-4841');
insert into Passenger (FirstName, LastName, email, PassportNumber) values ('Kendal', 'Haselgrove', 'khaselgrove3x@wunderground.com', '40-345-8476');
insert into Passenger (FirstName, LastName, email, PassportNumber) values ('Babita', 'Gladdish', 'bgladdish3y@cyberchimps.com', '36-916-9695');
insert into Passenger (FirstName, LastName, email, PassportNumber) values ('Chanda', 'Brasher', 'cbrasher3z@kickstarter.com', '72-524-9479');
insert into Passenger (FirstName, LastName, email, PassportNumber) values ('Jelene', 'Merveille', 'jmerveille40@cargocollective.com', '69-814-5846');
insert into Passenger (FirstName, LastName, email, PassportNumber) values ('Cathie', 'Frohock', 'cfrohock41@gnu.org', '12-926-8029');
insert into Passenger (FirstName, LastName, email, PassportNumber) values ('Dorothee', 'Moreman', 'dmoreman42@google.cn', '18-463-3588');
insert into Passenger (FirstName, LastName, email, PassportNumber) values ('Jessa', 'Songer', 'jsonger43@pen.io', '54-290-7845');
insert into Passenger (FirstName, LastName, email, PassportNumber) values ('Anatol', 'McAneny', 'amcaneny44@cnbc.com', '61-714-7534');
insert into Passenger (FirstName, LastName, email, PassportNumber) values ('Mair', 'Verrico', 'mverrico45@chicagotribune.com', '12-113-7341');
insert into Passenger (FirstName, LastName, email, PassportNumber) values ('Lynn', 'Condon', 'lcondon46@opera.com', '73-023-0569');
insert into Passenger (FirstName, LastName, email, PassportNumber) values ('Vonny', 'O''Callaghan', 'vocallaghan47@google.nl', '85-014-1925');
insert into Passenger (FirstName, LastName, email, PassportNumber) values ('Linn', 'Witherop', 'lwitherop48@unblog.fr', '63-018-3338');
insert into Passenger (FirstName, LastName, email, PassportNumber) values ('Grant', 'Crippin', 'gcrippin49@360.cn', '88-975-5306');
insert into Passenger (FirstName, LastName, email, PassportNumber) values ('Corina', 'Hinkensen', 'chinkensen4a@columbia.edu', '47-630-2471');
insert into Passenger (FirstName, LastName, email, PassportNumber) values ('Livvie', 'McGettigan', 'lmcgettigan4b@state.tx.us', '33-681-8756');
insert into Passenger (FirstName, LastName, email, PassportNumber) values ('Al', 'Deaves', 'adeaves4c@opensource.org', '46-088-1590');
insert into Passenger (FirstName, LastName, email, PassportNumber) values ('Hana', 'Grevel', 'hgrevel4d@mlb.com', '77-927-1253');
insert into Passenger (FirstName, LastName, email, PassportNumber) values ('Jase', 'Fortman', 'jfortman4e@zdnet.com', '68-300-9995');
insert into Passenger (FirstName, LastName, email, PassportNumber) values ('Derek', 'Clarabut', 'dclarabut4f@weibo.com', '36-185-8642');
insert into Passenger (FirstName, LastName, email, PassportNumber) values ('Walker', 'Grisenthwaite', 'wgrisenthwaite4g@wikia.com', '09-579-6212');
insert into Passenger (FirstName, LastName, email, PassportNumber) values ('Guenna', 'Whitchurch', 'gwhitchurch4h@sogou.com', '74-371-8971');
insert into Passenger (FirstName, LastName, email, PassportNumber) values ('Konstanze', 'Mcall', 'kmcall4i@epa.gov', '60-816-8755');
insert into Passenger (FirstName, LastName, email, PassportNumber) values ('Trudi', 'Klimkin', 'tklimkin4j@tripod.com', '66-837-1822');
insert into Passenger (FirstName, LastName, email, PassportNumber) values ('Timothy', 'Sharper', 'tsharper4k@blogger.com', '85-385-7448');
insert into Passenger (FirstName, LastName, email, PassportNumber) values ('Corinne', 'Coatman', 'ccoatman4l@ox.ac.uk', '78-552-3190');
insert into Passenger (FirstName, LastName, email, PassportNumber) values ('Dari', 'Vreede', 'dvreede4m@technorati.com', '10-329-0996');
insert into Passenger (FirstName, LastName, email, PassportNumber) values ('Catlaina', 'Golborn', 'cgolborn4n@myspace.com', '79-769-1247');
insert into Passenger (FirstName, LastName, email, PassportNumber) values ('Gavrielle', 'Teesdale', 'gteesdale4o@upenn.edu', '72-305-7400');
insert into Passenger (FirstName, LastName, email, PassportNumber) values ('Hamilton', 'Acors', 'hacors4p@exblog.jp', '62-154-7338');
insert into Passenger (FirstName, LastName, email, PassportNumber) values ('Deirdre', 'Addess', 'daddess4q@studiopress.com', '10-048-1954');
insert into Passenger (FirstName, LastName, email, PassportNumber) values ('Latia', 'Stonall', 'lstonall4r@bloglovin.com', '22-184-8609');
insert into Passenger (FirstName, LastName, email, PassportNumber) values ('Jeddy', 'Cordelette', 'jcordelette4s@github.io', '96-599-9611');
insert into Passenger (FirstName, LastName, email, PassportNumber) values ('Katrina', 'Clifford', 'kclifford4t@google.ru', '48-849-6525');
insert into Passenger (FirstName, LastName, email, PassportNumber) values ('Tyrus', 'Taree', 'ttaree4u@cnet.com', '38-302-6396');
insert into Passenger (FirstName, LastName, email, PassportNumber) values ('Langsdon', 'Jeannequin', 'ljeannequin4v@sohu.com', '72-837-9614');
insert into Passenger (FirstName, LastName, email, PassportNumber) values ('Anatola', 'Figures', 'afigures4w@webnode.com', '30-512-2096');
insert into Passenger (FirstName, LastName, email, PassportNumber) values ('Verine', 'Ramard', 'vramard4x@google.es', '99-696-5292');
insert into Passenger (FirstName, LastName, email, PassportNumber) values ('Evaleen', 'Hancke', 'ehancke4y@tinyurl.com', '39-660-6466');
insert into Passenger (FirstName, LastName, email, PassportNumber) values ('Madlin', 'Tew', 'mtew4z@ucsd.edu', '61-165-3965');
insert into Passenger (FirstName, LastName, email, PassportNumber) values ('Sergio', 'Shallow', 'sshallow50@nationalgeographic.com', '86-482-4721');
insert into Passenger (FirstName, LastName, email, PassportNumber) values ('Nita', 'Garth', 'ngarth51@umich.edu', '17-177-2153');
insert into Passenger (FirstName, LastName, email, PassportNumber) values ('Susana', 'Romanetti', 'sromanetti52@ovh.net', '31-280-5063');
insert into Passenger (FirstName, LastName, email, PassportNumber) values ('Almeta', 'O''Henery', 'aohenery53@gizmodo.com', '26-249-5187');
insert into Passenger (FirstName, LastName, email, PassportNumber) values ('Sherye', 'Franceschino', 'sfranceschino54@godaddy.com', '90-899-3655');
insert into Passenger (FirstName, LastName, email, PassportNumber) values ('Hazel', 'Jobern', 'hjobern55@livejournal.com', '65-800-9554');
insert into Passenger (FirstName, LastName, email, PassportNumber) values ('Wylie', 'Czapla', 'wczapla56@acquirethisname.com', '68-562-1363');
insert into Passenger (FirstName, LastName, email, PassportNumber) values ('Antonio', 'Vassie', 'avassie57@msu.edu', '37-150-7650');
insert into Passenger (FirstName, LastName, email, PassportNumber) values ('Dill', 'Witnall', 'dwitnall58@umich.edu', '52-308-9284');
insert into Passenger (FirstName, LastName, email, PassportNumber) values ('Natividad', 'Merrison', 'nmerrison59@squarespace.com', '99-987-8100');
insert into Passenger (FirstName, LastName, email, PassportNumber) values ('Etan', 'Batcheldor', 'ebatcheldor5a@tinypic.com', '68-240-0844');
insert into Passenger (FirstName, LastName, email, PassportNumber) values ('Simeon', 'Nicholl', 'snicholl5b@hao123.com', '05-303-7956');
insert into Passenger (FirstName, LastName, email, PassportNumber) values ('Vivienne', 'Flisher', 'vflisher5c@noaa.gov', '05-811-9568');
insert into Passenger (FirstName, LastName, email, PassportNumber) values ('Harald', 'Baert', 'hbaert5d@businessweek.com', '82-313-1650');
insert into Passenger (FirstName, LastName, email, PassportNumber) values ('Dill', 'Keer', 'dkeer5e@marketwatch.com', '42-459-9884');
insert into Passenger (FirstName, LastName, email, PassportNumber) values ('Rip', 'Pursey', 'rpursey5f@google.de', '19-414-2818');
insert into Passenger (FirstName, LastName, email, PassportNumber) values ('Renard', 'Pittoli', 'rpittoli5g@census.gov', '04-862-9440');
insert into Passenger (FirstName, LastName, email, PassportNumber) values ('Truda', 'Isitt', 'tisitt5h@hc360.com', '54-595-7769');
insert into Passenger (FirstName, LastName, email, PassportNumber) values ('Dukey', 'Dumphy', 'ddumphy5i@instagram.com', '43-356-7468');
insert into Passenger (FirstName, LastName, email, PassportNumber) values ('Brien', 'Dibdall', 'bdibdall5j@google.com', '91-854-4898');
insert into Passenger (FirstName, LastName, email, PassportNumber) values ('Mandel', 'Bartens', 'mbartens5k@goo.ne.jp', '33-467-0642');
insert into Passenger (FirstName, LastName, email, PassportNumber) values ('Jolie', 'Thirtle', 'jthirtle5l@amazon.co.jp', '50-284-0998');
insert into Passenger (FirstName, LastName, email, PassportNumber) values ('Lucine', 'Cattini', 'lcattini5m@si.edu', '57-440-7856');
insert into Passenger (FirstName, LastName, email, PassportNumber) values ('Edyth', 'Pardew', 'epardew5n@nationalgeographic.com', '09-090-4474');
insert into Passenger (FirstName, LastName, email, PassportNumber) values ('Gayel', 'Whitnall', 'gwhitnall5o@loc.gov', '77-853-3525');
insert into Passenger (FirstName, LastName, email, PassportNumber) values ('Rebekah', 'Mowsley', 'rmowsley5p@twitpic.com', '74-428-6013');
insert into Passenger (FirstName, LastName, email, PassportNumber) values ('Riane', 'Lacroutz', 'rlacroutz5q@google.com', '74-888-0447');
insert into Passenger (FirstName, LastName, email, PassportNumber) values ('Duffy', 'MacCourt', 'dmaccourt5r@exblog.jp', '82-382-8291');
insert into Passenger (FirstName, LastName, email, PassportNumber) values ('Brit', 'Truckell', 'btruckell5s@msn.com', '36-977-0698');
insert into Passenger (FirstName, LastName, email, PassportNumber) values ('Lucais', 'Ewell', 'lewell5t@msn.com', '57-932-2103');
insert into Passenger (FirstName, LastName, email, PassportNumber) values ('Garrard', 'Ellar', 'gellar5u@wikipedia.org', '36-453-5662');
insert into Passenger (FirstName, LastName, email, PassportNumber) values ('Emanuel', 'Dubock', 'edubock5v@chronoengine.com', '29-726-1792');
insert into Passenger (FirstName, LastName, email, PassportNumber) values ('Michel', 'Willatt', 'mwillatt5w@vimeo.com', '11-575-3479');
insert into Passenger (FirstName, LastName, email, PassportNumber) values ('Tony', 'Brundall', 'tbrundall5x@booking.com', '37-516-5455');
insert into Passenger (FirstName, LastName, email, PassportNumber) values ('Alexa', 'Kembry', 'akembry5y@nature.com', '22-231-6761');
insert into Passenger (FirstName, LastName, email, PassportNumber) values ('Yardley', 'Bleasdille', 'ybleasdille5z@amazon.com', '04-644-8261');
insert into Passenger (FirstName, LastName, email, PassportNumber) values ('Brody', 'Faircliff', 'bfaircliff60@artisteer.com', '48-672-0424');
insert into Passenger (FirstName, LastName, email, PassportNumber) values ('Hurlee', 'Trubshawe', 'htrubshawe61@ihg.com', '04-709-5927');
insert into Passenger (FirstName, LastName, email, PassportNumber) values ('Jackson', 'Romain', 'jromain62@yellowpages.com', '02-645-3122');
insert into Passenger (FirstName, LastName, email, PassportNumber) values ('Jami', 'Bocock', 'jbocock63@google.com', '35-955-3157');
insert into Passenger (FirstName, LastName, email, PassportNumber) values ('Mary', 'Deverale', 'mdeverale64@youku.com', '92-908-4400');
insert into Passenger (FirstName, LastName, email, PassportNumber) values ('Braden', 'Croke', 'bcroke65@twitter.com', '33-973-5777');
insert into Passenger (FirstName, LastName, email, PassportNumber) values ('Selestina', 'Roundtree', 'sroundtree66@marketwatch.com', '58-794-2667');
insert into Passenger (FirstName, LastName, email, PassportNumber) values ('Orson', 'Lucian', 'olucian67@nsw.gov.au', '97-419-0121');
insert into Passenger (FirstName, LastName, email, PassportNumber) values ('Clara', 'Richardsson', 'crichardsson68@meetup.com', '12-658-4571');
insert into Passenger (FirstName, LastName, email, PassportNumber) values ('Bendite', 'Benninck', 'bbenninck69@tmall.com', '65-715-0960');
insert into Passenger (FirstName, LastName, email, PassportNumber) values ('Jayne', 'Chilley', 'jchilley6a@loc.gov', '19-829-4561');
insert into Passenger (FirstName, LastName, email, PassportNumber) values ('Rey', 'Sanja', 'rsanja6b@digg.com', '06-325-8089');
insert into Passenger (FirstName, LastName, email, PassportNumber) values ('Hetty', 'Wathan', 'hwathan6c@privacy.gov.au', '51-480-0158');
insert into Passenger (FirstName, LastName, email, PassportNumber) values ('Mia', 'Anfossi', 'manfossi6d@mayoclinic.com', '99-003-5424');
insert into Passenger (FirstName, LastName, email, PassportNumber) values ('North', 'Benezet', 'nbenezet6e@baidu.com', '33-852-8876');
insert into Passenger (FirstName, LastName, email, PassportNumber) values ('Callean', 'Portinari', 'cportinari6f@sciencedirect.com', '23-606-0665');
insert into Passenger (FirstName, LastName, email, PassportNumber) values ('Grayce', 'Giamitti', 'ggiamitti6g@wufoo.com', '44-976-1071');
insert into Passenger (FirstName, LastName, email, PassportNumber) values ('Valina', 'Radeliffe', 'vradeliffe6h@netlog.com', '58-245-7657');
insert into Passenger (FirstName, LastName, email, PassportNumber) values ('Hadlee', 'Jephcott', 'hjephcott6i@phoca.cz', '27-243-8287');
insert into Passenger (FirstName, LastName, email, PassportNumber) values ('Cordi', 'Russ', 'cruss6j@hhs.gov', '45-333-3257');
insert into Passenger (FirstName, LastName, email, PassportNumber) values ('Dario', 'Elleyne', 'delleyne6k@economist.com', '48-640-7744');
insert into Passenger (FirstName, LastName, email, PassportNumber) values ('Donica', 'Andrassy', 'dandrassy6l@alexa.com', '93-355-0863');
insert into Passenger (FirstName, LastName, email, PassportNumber) values ('Matt', 'Kiossel', 'mkiossel6m@mayoclinic.com', '51-106-3242');
insert into Passenger (FirstName, LastName, email, PassportNumber) values ('Dru', 'Snowden', 'dsnowden6n@dailymotion.com', '41-366-5446');
insert into Passenger (FirstName, LastName, email, PassportNumber) values ('Marlane', 'Brightey', 'mbrightey6o@washingtonpost.com', '00-252-6948');
insert into Passenger (FirstName, LastName, email, PassportNumber) values ('Kayle', 'Tyas', 'ktyas6p@com.com', '17-996-7441');
insert into Passenger (FirstName, LastName, email, PassportNumber) values ('Robinet', 'Baigrie', 'rbaigrie6q@youku.com', '61-824-4378');
insert into Passenger (FirstName, LastName, email, PassportNumber) values ('Blinni', 'Collisson', 'bcollisson6r@plala.or.jp', '82-608-7436');
insert into Passenger (FirstName, LastName, email, PassportNumber) values ('Barrett', 'Galtone', 'bgaltone6s@springer.com', '92-460-9466');
insert into Passenger (FirstName, LastName, email, PassportNumber) values ('Jolynn', 'Dumphries', 'jdumphries6t@reddit.com', '65-091-7134');
insert into Passenger (FirstName, LastName, email, PassportNumber) values ('Arthur', 'Pharo', 'apharo6u@list-manage.com', '81-999-2613');
insert into Passenger (FirstName, LastName, email, PassportNumber) values ('Cristionna', 'Fontelles', 'cfontelles6v@gnu.org', '72-304-6511');
insert into Passenger (FirstName, LastName, email, PassportNumber) values ('Bondie', 'Billham', 'bbillham6w@economist.com', '38-170-5883');
insert into Passenger (FirstName, LastName, email, PassportNumber) values ('Heindrick', 'Vedenyapin', 'hvedenyapin6x@opera.com', '25-622-1153');
insert into Passenger (FirstName, LastName, email, PassportNumber) values ('Dottie', 'Perazzo', 'dperazzo6y@t-online.de', '50-939-6896');
insert into Passenger (FirstName, LastName, email, PassportNumber) values ('Codee', 'Bettlestone', 'cbettlestone6z@hatena.ne.jp', '20-332-1457');
insert into Passenger (FirstName, LastName, email, PassportNumber) values ('Horace', 'Harrow', 'hharrow70@soundcloud.com', '67-763-5879');
insert into Passenger (FirstName, LastName, email, PassportNumber) values ('Obediah', 'Birdsall', 'obirdsall71@sitemeter.com', '89-223-1598');
insert into Passenger (FirstName, LastName, email, PassportNumber) values ('Pasquale', 'Trubshawe', 'ptrubshawe72@hud.gov', '53-101-8753');
insert into Passenger (FirstName, LastName, email, PassportNumber) values ('Matthias', 'Trematick', 'mtrematick73@simplemachines.org', '03-380-4629');
insert into Passenger (FirstName, LastName, email, PassportNumber) values ('Randal', 'Rustan', 'rrustan74@geocities.jp', '92-087-6442');
insert into Passenger (FirstName, LastName, email, PassportNumber) values ('Lauren', 'Leneve', 'lleneve75@cisco.com', '97-599-2336');
insert into Passenger (FirstName, LastName, email, PassportNumber) values ('Bruce', 'Cowap', 'bcowap76@examiner.com', '23-413-8585');
insert into Passenger (FirstName, LastName, email, PassportNumber) values ('Omero', 'Beagley', 'obeagley77@blogtalkradio.com', '23-869-3500');
insert into Passenger (FirstName, LastName, email, PassportNumber) values ('Karin', 'Hunnaball', 'khunnaball78@hostgator.com', '62-977-5329');
insert into Passenger (FirstName, LastName, email, PassportNumber) values ('Eachelle', 'Fairholm', 'efairholm79@patch.com', '37-077-2319');
insert into Passenger (FirstName, LastName, email, PassportNumber) values ('Ursola', 'Spellicy', 'uspellicy7a@digg.com', '91-311-1396');
insert into Passenger (FirstName, LastName, email, PassportNumber) values ('Chase', 'Hatrey', 'chatrey7b@google.co.uk', '77-022-2746');
insert into Passenger (FirstName, LastName, email, PassportNumber) values ('Luciana', 'Ceschelli', 'lceschelli7c@deviantart.com', '28-961-4802');
insert into Passenger (FirstName, LastName, email, PassportNumber) values ('Cob', 'Angell', 'cangell7d@spiegel.de', '69-653-3866');
insert into Passenger (FirstName, LastName, email, PassportNumber) values ('Inesita', 'Grewar', 'igrewar7e@wikia.com', '05-398-2553');
insert into Passenger (FirstName, LastName, email, PassportNumber) values ('Bess', 'Acom', 'bacom7f@cmu.edu', '84-712-4306');
insert into Passenger (FirstName, LastName, email, PassportNumber) values ('Mohandis', 'Ribey', 'mribey7g@wired.com', '32-479-7403');
insert into Passenger (FirstName, LastName, email, PassportNumber) values ('Katalin', 'Hemphill', 'khemphill7h@skype.com', '11-115-2273');
insert into Passenger (FirstName, LastName, email, PassportNumber) values ('Delcina', 'Kalvin', 'dkalvin7i@123-reg.co.uk', '29-256-3273');
insert into Passenger (FirstName, LastName, email, PassportNumber) values ('Adamo', 'Budding', 'abudding7j@state.gov', '13-730-5790');
insert into Passenger (FirstName, LastName, email, PassportNumber) values ('Ibby', 'Dutnall', 'idutnall7k@networkadvertising.org', '04-251-5688');
insert into Passenger (FirstName, LastName, email, PassportNumber) values ('Filbert', 'Nutting', 'fnutting7l@jalbum.net', '70-403-6772');
insert into Passenger (FirstName, LastName, email, PassportNumber) values ('Prudy', 'Tiddy', 'ptiddy7m@uiuc.edu', '94-862-6673');
insert into Passenger (FirstName, LastName, email, PassportNumber) values ('Jacynth', 'Ferrelli', 'jferrelli7n@deliciousdays.com', '19-089-4465');
insert into Passenger (FirstName, LastName, email, PassportNumber) values ('Angel', 'Hayton', 'ahayton7o@ezinearticles.com', '22-013-7878');
insert into Passenger (FirstName, LastName, email, PassportNumber) values ('Lockwood', 'Borkett', 'lborkett7p@umn.edu', '76-447-9492');
insert into Passenger (FirstName, LastName, email, PassportNumber) values ('Tandie', 'Tocher', 'ttocher7q@live.com', '24-316-3785');
insert into Passenger (FirstName, LastName, email, PassportNumber) values ('Shanna', 'Seymer', 'sseymer7r@eventbrite.com', '62-626-8583');
insert into Passenger (FirstName, LastName, email, PassportNumber) values ('Vanni', 'Butte', 'vbutte7s@usatoday.com', '21-934-1406');
insert into Passenger (FirstName, LastName, email, PassportNumber) values ('Kristi', 'Pimley', 'kpimley7t@ameblo.jp', '03-297-8622');
insert into Passenger (FirstName, LastName, email, PassportNumber) values ('Nevil', 'Dubble', 'ndubble7u@homestead.com', '87-055-3459');
insert into Passenger (FirstName, LastName, email, PassportNumber) values ('Maible', 'Westberg', 'mwestberg7v@google.co.uk', '13-190-8135');
insert into Passenger (FirstName, LastName, email, PassportNumber) values ('Debra', 'Dell Casa', 'ddellcasa7w@ustream.tv', '51-511-0006');
insert into Passenger (FirstName, LastName, email, PassportNumber) values ('Barrie', 'Segrave', 'bsegrave7x@ebay.com', '22-471-0987');
insert into Passenger (FirstName, LastName, email, PassportNumber) values ('Adolf', 'Sollas', 'asollas7y@thetimes.co.uk', '61-747-9531');
insert into Passenger (FirstName, LastName, email, PassportNumber) values ('Ilario', 'Gilvary', 'igilvary7z@hud.gov', '49-476-4771');
insert into Passenger (FirstName, LastName, email, PassportNumber) values ('Dee dee', 'Peschmann', 'dpeschmann80@microsoft.com', '15-808-8389');
insert into Passenger (FirstName, LastName, email, PassportNumber) values ('Marmaduke', 'Weagener', 'mweagener81@independent.co.uk', '48-342-5841');
insert into Passenger (FirstName, LastName, email, PassportNumber) values ('Melodie', 'Fleote', 'mfleote82@gnu.org', '47-825-8378');
insert into Passenger (FirstName, LastName, email, PassportNumber) values ('Oralla', 'McCaskell', 'omccaskell83@fema.gov', '00-777-1183');
insert into Passenger (FirstName, LastName, email, PassportNumber) values ('Franchot', 'Dallin', 'fdallin84@rambler.ru', '42-717-1999');
insert into Passenger (FirstName, LastName, email, PassportNumber) values ('Ladonna', 'Petrovsky', 'lpetrovsky85@hp.com', '01-259-7413');
insert into Passenger (FirstName, LastName, email, PassportNumber) values ('Lisetta', 'Louthe', 'llouthe86@engadget.com', '93-447-8712');
insert into Passenger (FirstName, LastName, email, PassportNumber) values ('Gary', 'Gisbey', 'ggisbey87@buzzfeed.com', '60-469-2806');
insert into Passenger (FirstName, LastName, email, PassportNumber) values ('Tasia', 'Davydenko', 'tdavydenko88@pcworld.com', '68-092-6937');
insert into Passenger (FirstName, LastName, email, PassportNumber) values ('Cheslie', 'Jollands', 'cjollands89@nymag.com', '57-607-2630');
insert into Passenger (FirstName, LastName, email, PassportNumber) values ('Elene', 'Blanchette', 'eblanchette8a@godaddy.com', '46-863-0161');
insert into Passenger (FirstName, LastName, email, PassportNumber) values ('Felicity', 'Gives', 'fgives8b@behance.net', '43-834-2827');
insert into Passenger (FirstName, LastName, email, PassportNumber) values ('Quinlan', 'Tuson', 'qtuson8c@hp.com', '06-705-2288');
insert into Passenger (FirstName, LastName, email, PassportNumber) values ('Elfie', 'Gavrielly', 'egavrielly8d@columbia.edu', '85-296-1267');
insert into Passenger (FirstName, LastName, email, PassportNumber) values ('Tremayne', 'Dadd', 'tdadd8e@google.co.jp', '03-065-9990');
insert into Passenger (FirstName, LastName, email, PassportNumber) values ('Desmond', 'Portail', 'dportail8f@economist.com', '02-411-5320');
insert into Passenger (FirstName, LastName, email, PassportNumber) values ('Cicely', 'Donaho', 'cdonaho8g@adobe.com', '16-357-0267');
insert into Passenger (FirstName, LastName, email, PassportNumber) values ('Rozalin', 'De La Cote', 'rdelacote8h@eepurl.com', '19-108-6301');
insert into Passenger (FirstName, LastName, email, PassportNumber) values ('Quillan', 'Mountstephen', 'qmountstephen8i@networkadvertising.org', '69-292-7007');
insert into Passenger (FirstName, LastName, email, PassportNumber) values ('Clim', 'Morrison', 'cmorrison8j@163.com', '72-979-9878');
insert into Passenger (FirstName, LastName, email, PassportNumber) values ('Shelba', 'Kovelmann', 'skovelmann8k@diigo.com', '54-739-6655');
insert into Passenger (FirstName, LastName, email, PassportNumber) values ('See', 'Bolesworth', 'sbolesworth8l@gmpg.org', '59-787-5744');
insert into Passenger (FirstName, LastName, email, PassportNumber) values ('Randy', 'Aveyard', 'raveyard8m@desdev.cn', '93-877-3194');
insert into Passenger (FirstName, LastName, email, PassportNumber) values ('Caritta', 'MacKintosh', 'cmackintosh8n@marketwatch.com', '00-483-8539');
insert into Passenger (FirstName, LastName, email, PassportNumber) values ('Rooney', 'Denington', 'rdenington8o@prweb.com', '51-536-6223');
insert into Passenger (FirstName, LastName, email, PassportNumber) values ('Seka', 'Berthouloume', 'sberthouloume8p@exblog.jp', '57-534-7409');
insert into Passenger (FirstName, LastName, email, PassportNumber) values ('Sibeal', 'Heffy', 'sheffy8q@nyu.edu', '40-290-5250');
insert into Passenger (FirstName, LastName, email, PassportNumber) values ('Audie', 'Bunney', 'abunney8r@wikipedia.org', '19-563-1062');
insert into Passenger (FirstName, LastName, email, PassportNumber) values ('Dick', 'Kettlestringes', 'dkettlestringes8s@nationalgeographic.com', '99-824-2544');
insert into Passenger (FirstName, LastName, email, PassportNumber) values ('Danya', 'Van der Hoven', 'dvanderhoven8t@storify.com', '50-825-1257');
insert into Passenger (FirstName, LastName, email, PassportNumber) values ('Lizzie', 'Eyeington', 'leyeington8u@ftc.gov', '00-938-2829');
insert into Passenger (FirstName, LastName, email, PassportNumber) values ('Barclay', 'Saylor', 'bsaylor8v@mashable.com', '20-825-6478');
insert into Passenger (FirstName, LastName, email, PassportNumber) values ('Blisse', 'Zold', 'bzold8w@wp.com', '99-032-3648');
insert into Passenger (FirstName, LastName, email, PassportNumber) values ('Danny', 'Meadowcraft', 'dmeadowcraft8x@scientificamerican.com', '10-549-7931');
insert into Passenger (FirstName, LastName, email, PassportNumber) values ('Evyn', 'Bevens', 'ebevens8y@skyrock.com', '08-252-5348');
insert into Passenger (FirstName, LastName, email, PassportNumber) values ('Gerti', 'Kairns', 'gkairns8z@hexun.com', '12-839-1687');
insert into Passenger (FirstName, LastName, email, PassportNumber) values ('Frants', 'Henniger', 'fhenniger90@dion.ne.jp', '42-286-1246');
insert into Passenger (FirstName, LastName, email, PassportNumber) values ('Yance', 'O'' Concannon', 'yoconcannon91@bloglines.com', '55-290-5725');
insert into Passenger (FirstName, LastName, email, PassportNumber) values ('Davita', 'Schankel', 'dschankel92@elegantthemes.com', '46-320-2602');
insert into Passenger (FirstName, LastName, email, PassportNumber) values ('Clarita', 'Caherny', 'ccaherny93@jalbum.net', '03-710-7027');
insert into Passenger (FirstName, LastName, email, PassportNumber) values ('Cass', 'Schlagtmans', 'cschlagtmans94@sfgate.com', '30-037-9191');
insert into Passenger (FirstName, LastName, email, PassportNumber) values ('Sybyl', 'Ruprecht', 'sruprecht95@pbs.org', '74-219-1420');
insert into Passenger (FirstName, LastName, email, PassportNumber) values ('Cherice', 'Heilds', 'cheilds96@seesaa.net', '18-902-7775');
insert into Passenger (FirstName, LastName, email, PassportNumber) values ('Clarice', 'Benediktsson', 'cbenediktsson97@illinois.edu', '61-440-0039');
insert into Passenger (FirstName, LastName, email, PassportNumber) values ('Fernando', 'Blackwood', 'fblackwood98@comsenz.com', '58-378-8526');
insert into Passenger (FirstName, LastName, email, PassportNumber) values ('Horatio', 'McVaugh', 'hmcvaugh99@usa.gov', '87-168-6262');
insert into Passenger (FirstName, LastName, email, PassportNumber) values ('Zeke', 'Hanham', 'zhanham9a@guardian.co.uk', '61-531-2300');
insert into Passenger (FirstName, LastName, email, PassportNumber) values ('Karleen', 'Bisterfeld', 'kbisterfeld9b@homestead.com', '83-448-7786');
insert into Passenger (FirstName, LastName, email, PassportNumber) values ('Tadd', 'Holley', 'tholley9c@npr.org', '68-200-5847');
insert into Passenger (FirstName, LastName, email, PassportNumber) values ('Dall', 'Bulstrode', 'dbulstrode9d@miitbeian.gov.cn', '78-959-4436');
insert into Passenger (FirstName, LastName, email, PassportNumber) values ('Sianna', 'Grummitt', 'sgrummitt9e@bravesites.com', '02-678-3490');
insert into Passenger (FirstName, LastName, email, PassportNumber) values ('Zelig', 'Benzi', 'zbenzi9f@is.gd', '31-819-7623');
insert into Passenger (FirstName, LastName, email, PassportNumber) values ('Klarrisa', 'Farnan', 'kfarnan9g@hostgator.com', '73-362-2260');
insert into Passenger (FirstName, LastName, email, PassportNumber) values ('Tadeo', 'Cardenas', 'tcardenas9h@yahoo.com', '95-143-4714');
insert into Passenger (FirstName, LastName, email, PassportNumber) values ('Dasi', 'Grandham', 'dgrandham9i@ox.ac.uk', '37-076-6123');
insert into Passenger (FirstName, LastName, email, PassportNumber) values ('Cyndy', 'Bomfield', 'cbomfield9j@illinois.edu', '16-757-1583');
insert into Passenger (FirstName, LastName, email, PassportNumber) values ('Moses', 'Dedney', 'mdedney9k@edublogs.org', '20-792-9725');
insert into Passenger (FirstName, LastName, email, PassportNumber) values ('Earl', 'Pilkington', 'epilkington9l@scientificamerican.com', '20-467-5060');
insert into Passenger (FirstName, LastName, email, PassportNumber) values ('Roman', 'Wrightson', 'rwrightson9m@rambler.ru', '44-928-1843');
insert into Passenger (FirstName, LastName, email, PassportNumber) values ('Camilla', 'Stolberger', 'cstolberger9n@tamu.edu', '28-083-4695');
insert into Passenger (FirstName, LastName, email, PassportNumber) values ('Margo', 'Ilbert', 'milbert9o@ifeng.com', '79-186-7143');
insert into Passenger (FirstName, LastName, email, PassportNumber) values ('Kelby', 'Bradick', 'kbradick9p@craigslist.org', '17-966-2960');
insert into Passenger (FirstName, LastName, email, PassportNumber) values ('Elijah', 'Grayham', 'egrayham9q@google.it', '10-261-0759');
insert into Passenger (FirstName, LastName, email, PassportNumber) values ('Kalila', 'Menelaws', 'kmenelaws9r@tuttocitta.it', '30-873-5989');
insert into Passenger (FirstName, LastName, email, PassportNumber) values ('Annissa', 'Escale', 'aescale9s@tiny.cc', '13-239-9496');
insert into Passenger (FirstName, LastName, email, PassportNumber) values ('Alair', 'Vigers', 'avigers9t@unblog.fr', '76-935-0257');
insert into Passenger (FirstName, LastName, email, PassportNumber) values ('Isaak', 'Farley', 'ifarley9u@utexas.edu', '81-761-7902');
insert into Passenger (FirstName, LastName, email, PassportNumber) values ('Lanni', 'Winmill', 'lwinmill9v@vinaora.com', '37-947-7451');
insert into Passenger (FirstName, LastName, email, PassportNumber) values ('Norah', 'Scandrite', 'nscandrite9w@washingtonpost.com', '44-064-4040');
insert into Passenger (FirstName, LastName, email, PassportNumber) values ('Godfrey', 'Shirtcliffe', 'gshirtcliffe9x@nationalgeographic.com', '57-099-9063');
insert into Passenger (FirstName, LastName, email, PassportNumber) values ('Lissa', 'Hamblen', 'lhamblen9y@jugem.jp', '08-325-2102');
insert into Passenger (FirstName, LastName, email, PassportNumber) values ('Adriena', 'Hartford', 'ahartford9z@statcounter.com', '66-213-4147');
insert into Passenger (FirstName, LastName, email, PassportNumber) values ('Esmeralda', 'McKew', 'emckewa0@noaa.gov', '63-822-0663');
insert into Passenger (FirstName, LastName, email, PassportNumber) values ('Patty', 'Smee', 'psmeea1@taobao.com', '37-875-2025');
insert into Passenger (FirstName, LastName, email, PassportNumber) values ('Emmalee', 'Blankenship', 'eblankenshipa2@theguardian.com', '34-653-5096');
insert into Passenger (FirstName, LastName, email, PassportNumber) values ('Bealle', 'Ornillos', 'bornillosa3@fc2.com', '13-162-7181');
insert into Passenger (FirstName, LastName, email, PassportNumber) values ('Livvie', 'Bountiff', 'lbountiffa4@paginegialle.it', '37-793-4455');
insert into Passenger (FirstName, LastName, email, PassportNumber) values ('Jewelle', 'Ferrettini', 'jferrettinia5@google.com', '62-469-1213');
insert into Passenger (FirstName, LastName, email, PassportNumber) values ('Antoine', 'Elcome', 'aelcomea6@odnoklassniki.ru', '22-333-7078');
insert into Passenger (FirstName, LastName, email, PassportNumber) values ('Fianna', 'Charopen', 'fcharopena7@biblegateway.com', '49-150-6372');
insert into Passenger (FirstName, LastName, email, PassportNumber) values ('Nathalia', 'Peterffy', 'npeterffya8@ucoz.ru', '97-010-0102');
insert into Passenger (FirstName, LastName, email, PassportNumber) values ('Ediva', 'McGlaud', 'emcglauda9@reddit.com', '03-991-3376');
insert into Passenger (FirstName, LastName, email, PassportNumber) values ('Sella', 'Yerlett', 'syerlettaa@bigcartel.com', '77-633-4099');
insert into Passenger (FirstName, LastName, email, PassportNumber) values ('Camey', 'Jeppensen', 'cjeppensenab@thetimes.co.uk', '20-796-2008');
insert into Passenger (FirstName, LastName, email, PassportNumber) values ('Mable', 'Kienzle', 'mkienzleac@squidoo.com', '42-618-1344');
insert into Passenger (FirstName, LastName, email, PassportNumber) values ('Flora', 'Ber', 'fberad@scribd.com', '39-812-9213');
insert into Passenger (FirstName, LastName, email, PassportNumber) values ('Roxanna', 'Fuzzens', 'rfuzzensae@squidoo.com', '68-527-6448');
insert into Passenger (FirstName, LastName, email, PassportNumber) values ('Brennan', 'Burgane', 'bburganeaf@blinklist.com', '93-575-6073');
insert into Passenger (FirstName, LastName, email, PassportNumber) values ('Jonell', 'Proudley', 'jproudleyag@google.cn', '38-353-2869');
insert into Passenger (FirstName, LastName, email, PassportNumber) values ('Tatum', 'Rudge', 'trudgeah@pen.io', '80-159-5338');
insert into Passenger (FirstName, LastName, email, PassportNumber) values ('Karla', 'Cymper', 'kcymperai@simplemachines.org', '26-334-8785');
insert into Passenger (FirstName, LastName, email, PassportNumber) values ('Maisie', 'McArte', 'mmcarteaj@columbia.edu', '30-676-1445');
insert into Passenger (FirstName, LastName, email, PassportNumber) values ('Berkie', 'Harwell', 'bharwellak@bbc.co.uk', '18-752-6240');
insert into Passenger (FirstName, LastName, email, PassportNumber) values ('Juliann', 'Yeskin', 'jyeskinal@businessinsider.com', '69-702-0813');
insert into Passenger (FirstName, LastName, email, PassportNumber) values ('Gertie', 'Doudney', 'gdoudneyam@photobucket.com', '06-490-9941');
insert into Passenger (FirstName, LastName, email, PassportNumber) values ('Ranna', 'Houchen', 'rhouchenan@cisco.com', '02-972-4110');
insert into Passenger (FirstName, LastName, email, PassportNumber) values ('Modestia', 'Ellse', 'mellseao@about.me', '73-711-6648');
insert into Passenger (FirstName, LastName, email, PassportNumber) values ('Novelia', 'Kenningham', 'nkenninghamap@topsy.com', '68-963-5309');
insert into Passenger (FirstName, LastName, email, PassportNumber) values ('Kimberli', 'Ridings', 'kridingsaq@quantcast.com', '27-443-9351');
insert into Passenger (FirstName, LastName, email, PassportNumber) values ('Marice', 'Khoter', 'mkhoterar@examiner.com', '71-450-8356');
insert into Passenger (FirstName, LastName, email, PassportNumber) values ('Vania', 'Gildroy', 'vgildroyas@auda.org.au', '35-963-6172');
insert into Passenger (FirstName, LastName, email, PassportNumber) values ('Verne', 'Popplestone', 'vpopplestoneat@t.co', '89-683-8901');
insert into Passenger (FirstName, LastName, email, PassportNumber) values ('Lanette', 'Arrell', 'larrellau@github.io', '87-132-9169');
insert into Passenger (FirstName, LastName, email, PassportNumber) values ('George', 'Raiker', 'graikerav@google.ca', '74-946-4603');
insert into Passenger (FirstName, LastName, email, PassportNumber) values ('Jesus', 'Bowser', 'jbowseraw@phoca.cz', '59-082-1883');
insert into Passenger (FirstName, LastName, email, PassportNumber) values ('Oralla', 'Rush', 'orushax@opensource.org', '39-817-7747');
insert into Passenger (FirstName, LastName, email, PassportNumber) values ('Cassaundra', 'Pedro', 'cpedroay@yellowpages.com', '93-704-9714');
insert into Passenger (FirstName, LastName, email, PassportNumber) values ('Sibeal', 'Fritchley', 'sfritchleyaz@people.com.cn', '85-165-1388');
insert into Passenger (FirstName, LastName, email, PassportNumber) values ('Winthrop', 'Rabley', 'wrableyb0@cbc.ca', '13-859-6837');
insert into Passenger (FirstName, LastName, email, PassportNumber) values ('Artemis', 'Mahy', 'amahyb1@xinhuanet.com', '32-545-2102');
insert into Passenger (FirstName, LastName, email, PassportNumber) values ('Jaymee', 'Schenfisch', 'jschenfischb2@nyu.edu', '46-261-1597');
insert into Passenger (FirstName, LastName, email, PassportNumber) values ('Annis', 'Allnatt', 'aallnattb3@webmd.com', '87-329-4077');
insert into Passenger (FirstName, LastName, email, PassportNumber) values ('Lindon', 'Vasyutochkin', 'lvasyutochkinb4@vistaprint.com', '34-594-1923');
insert into Passenger (FirstName, LastName, email, PassportNumber) values ('Felicio', 'Donn', 'fdonnb5@tamu.edu', '24-015-3716');
insert into Passenger (FirstName, LastName, email, PassportNumber) values ('Abel', 'Piet', 'apietb6@merriam-webster.com', '44-291-4780');
insert into Passenger (FirstName, LastName, email, PassportNumber) values ('Beverlie', 'Frotton', 'bfrottonb7@dion.ne.jp', '38-626-2624');
insert into Passenger (FirstName, LastName, email, PassportNumber) values ('Roarke', 'McCaig', 'rmccaigb8@opera.com', '91-149-3643');
insert into Passenger (FirstName, LastName, email, PassportNumber) values ('Edward', 'Furst', 'efurstb9@tiny.cc', '37-216-8981');
insert into Passenger (FirstName, LastName, email, PassportNumber) values ('Filbert', 'Chedgey', 'fchedgeyba@com.com', '15-385-1738');
insert into Passenger (FirstName, LastName, email, PassportNumber) values ('Lethia', 'O''Keevan', 'lokeevanbb@amazon.de', '69-566-9413');
insert into Passenger (FirstName, LastName, email, PassportNumber) values ('Basia', 'Bielefeld', 'bbielefeldbc@answers.com', '70-421-0025');
insert into Passenger (FirstName, LastName, email, PassportNumber) values ('Shane', 'Olliver', 'solliverbd@illinois.edu', '27-739-5522');
insert into Passenger (FirstName, LastName, email, PassportNumber) values ('Vitoria', 'Brolan', 'vbrolanbe@miitbeian.gov.cn', '09-652-8164');
insert into Passenger (FirstName, LastName, email, PassportNumber) values ('Malissa', 'Pidgeon', 'mpidgeonbf@joomla.org', '48-345-8172');
insert into Passenger (FirstName, LastName, email, PassportNumber) values ('Dimitry', 'Raye', 'drayebg@squarespace.com', '62-416-8593');
insert into Passenger (FirstName, LastName, email, PassportNumber) values ('Frank', 'De Laspee', 'fdelaspeebh@ask.com', '80-308-0511');
insert into Passenger (FirstName, LastName, email, PassportNumber) values ('Nina', 'Grigoroni', 'ngrigoronibi@rakuten.co.jp', '69-846-0213');
insert into Passenger (FirstName, LastName, email, PassportNumber) values ('Yorgo', 'Manktelow', 'ymanktelowbj@mysql.com', '87-213-3016');
insert into Passenger (FirstName, LastName, email, PassportNumber) values ('Gwenora', 'Agius', 'gagiusbk@skype.com', '26-645-0955');
insert into Passenger (FirstName, LastName, email, PassportNumber) values ('Jerri', 'Videler', 'jvidelerbl@microsoft.com', '10-348-7704');
insert into Passenger (FirstName, LastName, email, PassportNumber) values ('Jacklyn', 'Sankey', 'jsankeybm@craigslist.org', '28-671-2181');
insert into Passenger (FirstName, LastName, email, PassportNumber) values ('Jenna', 'De Mars', 'jdemarsbn@webs.com', '36-390-3122');
insert into Passenger (FirstName, LastName, email, PassportNumber) values ('Isidro', 'Longmate', 'ilongmatebo@amazon.com', '27-499-0886');
insert into Passenger (FirstName, LastName, email, PassportNumber) values ('Fanchon', 'Gurnett', 'fgurnettbp@miitbeian.gov.cn', '56-133-1035');
insert into Passenger (FirstName, LastName, email, PassportNumber) values ('Kristopher', 'Blumire', 'kblumirebq@businessinsider.com', '74-266-6423');
insert into Passenger (FirstName, LastName, email, PassportNumber) values ('Edgard', 'Berkeley', 'eberkeleybr@ftc.gov', '25-851-7877');
insert into Passenger (FirstName, LastName, email, PassportNumber) values ('Jade', 'Milliere', 'jmillierebs@github.io', '42-506-8926');
insert into Passenger (FirstName, LastName, email, PassportNumber) values ('Elisabeth', 'Pierson', 'epiersonbt@skyrock.com', '16-255-7644');
insert into Passenger (FirstName, LastName, email, PassportNumber) values ('Agosto', 'Ector', 'aectorbu@timesonline.co.uk', '84-158-0820');
insert into Passenger (FirstName, LastName, email, PassportNumber) values ('Gris', 'McWhin', 'gmcwhinbv@time.com', '63-613-3641');
insert into Passenger (FirstName, LastName, email, PassportNumber) values ('Janine', 'McCurt', 'jmccurtbw@hp.com', '35-034-1687');
insert into Passenger (FirstName, LastName, email, PassportNumber) values ('Ker', 'Beauchop', 'kbeauchopbx@cyberchimps.com', '72-938-4600');
insert into Passenger (FirstName, LastName, email, PassportNumber) values ('Marji', 'Jiggens', 'mjiggensby@histats.com', '98-753-5437');
insert into Passenger (FirstName, LastName, email, PassportNumber) values ('Sybyl', 'Georgievski', 'sgeorgievskibz@topsy.com', '75-875-4026');
insert into Passenger (FirstName, LastName, email, PassportNumber) values ('Tisha', 'Dell ''Orto', 'tdellortoc0@sitemeter.com', '35-054-1065');
insert into Passenger (FirstName, LastName, email, PassportNumber) values ('Wally', 'Sawney', 'wsawneyc1@lycos.com', '63-520-6596');
insert into Passenger (FirstName, LastName, email, PassportNumber) values ('Lexi', 'McNeice', 'lmcneicec2@bravesites.com', '91-270-6560');
insert into Passenger (FirstName, LastName, email, PassportNumber) values ('Armand', 'Pickerin', 'apickerinc3@blogtalkradio.com', '86-873-9582');
insert into Passenger (FirstName, LastName, email, PassportNumber) values ('Giles', 'Mawtus', 'gmawtusc4@google.nl', '44-694-7106');
insert into Passenger (FirstName, LastName, email, PassportNumber) values ('Ashien', 'Paulo', 'apauloc5@mlb.com', '49-976-3752');
insert into Passenger (FirstName, LastName, email, PassportNumber) values ('Phillie', 'Bell', 'pbellc6@slate.com', '50-638-7051');
insert into Passenger (FirstName, LastName, email, PassportNumber) values ('Yasmeen', 'Jorcke', 'yjorckec7@com.com', '88-337-0935');
insert into Passenger (FirstName, LastName, email, PassportNumber) values ('Krysta', 'Camacho', 'kcamachoc8@epa.gov', '33-947-8191');
insert into Passenger (FirstName, LastName, email, PassportNumber) values ('Lewes', 'Lowings', 'llowingsc9@tinyurl.com', '29-518-4880');
insert into Passenger (FirstName, LastName, email, PassportNumber) values ('Gary', 'Najara', 'gnajaraca@e-recht24.de', '08-104-2297');
insert into Passenger (FirstName, LastName, email, PassportNumber) values ('Rudie', 'Ianinotti', 'rianinotticb@hao123.com', '45-654-2833');
insert into Passenger (FirstName, LastName, email, PassportNumber) values ('Katalin', 'McRavey', 'kmcraveycc@google.fr', '42-924-1188');
insert into Passenger (FirstName, LastName, email, PassportNumber) values ('Elladine', 'Cobello', 'ecobellocd@cam.ac.uk', '72-751-8745');
insert into Passenger (FirstName, LastName, email, PassportNumber) values ('Eddy', 'Daftor', 'edaftorce@examiner.com', '04-092-0463');
insert into Passenger (FirstName, LastName, email, PassportNumber) values ('Gwynne', 'Anthiftle', 'ganthiftlecf@gravatar.com', '83-306-3807');
insert into Passenger (FirstName, LastName, email, PassportNumber) values ('Elsey', 'Portugal', 'eportugalcg@twitter.com', '09-816-4893');
insert into Passenger (FirstName, LastName, email, PassportNumber) values ('Kary', 'Aiton', 'kaitonch@techcrunch.com', '89-283-0047');
insert into Passenger (FirstName, LastName, email, PassportNumber) values ('Shaw', 'Rawsthorn', 'srawsthornci@guardian.co.uk', '41-684-5465');
insert into Passenger (FirstName, LastName, email, PassportNumber) values ('Dorice', 'O'' Hogan', 'dohogancj@goo.ne.jp', '61-627-7563');
insert into Passenger (FirstName, LastName, email, PassportNumber) values ('Valenka', 'Sterzaker', 'vsterzakerck@google.es', '35-852-1405');
insert into Passenger (FirstName, LastName, email, PassportNumber) values ('Lawrence', 'Brumfield', 'lbrumfieldcl@earthlink.net', '75-564-7140');
insert into Passenger (FirstName, LastName, email, PassportNumber) values ('Esma', 'Dobbson', 'edobbsoncm@yellowbook.com', '38-474-7735');
insert into Passenger (FirstName, LastName, email, PassportNumber) values ('Cherilyn', 'Govier', 'cgoviercn@foxnews.com', '81-411-2108');
insert into Passenger (FirstName, LastName, email, PassportNumber) values ('Aylmer', 'Loalday', 'aloaldayco@washington.edu', '78-234-9186');
insert into Passenger (FirstName, LastName, email, PassportNumber) values ('Northrup', 'Jeratt', 'njerattcp@state.gov', '55-586-5269');
insert into Passenger (FirstName, LastName, email, PassportNumber) values ('Revkah', 'Strongitharm', 'rstrongitharmcq@samsung.com', '92-666-5105');
insert into Passenger (FirstName, LastName, email, PassportNumber) values ('Ranice', 'Oade', 'roadecr@oakley.com', '07-469-0825');
insert into Passenger (FirstName, LastName, email, PassportNumber) values ('Avrit', 'Bearsmore', 'abearsmorecs@timesonline.co.uk', '20-940-6784');
insert into Passenger (FirstName, LastName, email, PassportNumber) values ('Rayshell', 'Hugo', 'rhugoct@intel.com', '64-201-5520');
insert into Passenger (FirstName, LastName, email, PassportNumber) values ('Marlowe', 'Ramsbotham', 'mramsbothamcu@yahoo.co.jp', '31-613-0814');
insert into Passenger (FirstName, LastName, email, PassportNumber) values ('Ottilie', 'Brimblecomb', 'obrimblecombcv@rediff.com', '79-882-4893');
insert into Passenger (FirstName, LastName, email, PassportNumber) values ('Forrest', 'Bramhall', 'fbramhallcw@fotki.com', '88-346-1905');
insert into Passenger (FirstName, LastName, email, PassportNumber) values ('Travis', 'Pickton', 'tpicktoncx@samsung.com', '11-815-2175');
insert into Passenger (FirstName, LastName, email, PassportNumber) values ('Odo', 'Jorez', 'ojorezcy@ebay.com', '26-742-3010');
insert into Passenger (FirstName, LastName, email, PassportNumber) values ('Kin', 'Cromley', 'kcromleycz@chron.com', '82-973-4173');
insert into Passenger (FirstName, LastName, email, PassportNumber) values ('Paulette', 'Deinhardt', 'pdeinhardtd0@phpbb.com', '95-094-6177');
insert into Passenger (FirstName, LastName, email, PassportNumber) values ('Emalia', 'Ruecastle', 'eruecastled1@weibo.com', '77-262-6785');
insert into Passenger (FirstName, LastName, email, PassportNumber) values ('Stefan', 'Wogdon', 'swogdond2@cafepress.com', '53-883-9061');
insert into Passenger (FirstName, LastName, email, PassportNumber) values ('Dorris', 'Sam', 'dsamd3@mysql.com', '85-623-1521');
insert into Passenger (FirstName, LastName, email, PassportNumber) values ('Nerita', 'Bahlmann', 'nbahlmannd4@paginegialle.it', '85-500-1256');
insert into Passenger (FirstName, LastName, email, PassportNumber) values ('Adriaens', 'Clyburn', 'aclyburnd5@simplemachines.org', '57-523-3616');
insert into Passenger (FirstName, LastName, email, PassportNumber) values ('Ulrich', 'Stear', 'usteard6@bloglovin.com', '19-056-0595');
insert into Passenger (FirstName, LastName, email, PassportNumber) values ('Colly', 'Ducarel', 'cducareld7@wordpress.org', '56-890-1550');
insert into Passenger (FirstName, LastName, email, PassportNumber) values ('Jaclin', 'Letixier', 'jletixierd8@ted.com', '01-693-3638');
insert into Passenger (FirstName, LastName, email, PassportNumber) values ('Charlean', 'Hayller', 'chayllerd9@studiopress.com', '96-574-1148');
insert into Passenger (FirstName, LastName, email, PassportNumber) values ('Reinhard', 'Olland', 'rollandda@live.com', '36-578-6544');
insert into Passenger (FirstName, LastName, email, PassportNumber) values ('Terra', 'Tomasello', 'ttomasellodb@unblog.fr', '23-561-6884');
insert into Passenger (FirstName, LastName, email, PassportNumber) values ('Paton', 'Gillson', 'pgillsondc@harvard.edu', '81-281-9165');
insert into Passenger (FirstName, LastName, email, PassportNumber) values ('Khalil', 'Fydoe', 'kfydoedd@odnoklassniki.ru', '28-889-1374');
insert into Passenger (FirstName, LastName, email, PassportNumber) values ('Dorise', 'De Vaan', 'ddevaande@nationalgeographic.com', '99-362-1089');
insert into Passenger (FirstName, LastName, email, PassportNumber) values ('Geoffrey', 'Conti', 'gcontidf@scientificamerican.com', '88-059-9951');
insert into Passenger (FirstName, LastName, email, PassportNumber) values ('Querida', 'Pendre', 'qpendredg@ihg.com', '95-210-0548');
insert into Passenger (FirstName, LastName, email, PassportNumber) values ('Matty', 'Lutz', 'mlutzdh@cbsnews.com', '65-154-9138');
insert into Passenger (FirstName, LastName, email, PassportNumber) values ('Gerda', 'Longfoot', 'glongfootdi@mozilla.com', '84-980-7765');
insert into Passenger (FirstName, LastName, email, PassportNumber) values ('Marco', 'Giacobilio', 'mgiacobiliodj@live.com', '58-237-3610');
insert into Passenger (FirstName, LastName, email, PassportNumber) values ('Mitchell', 'Hyder', 'mhyderdk@elegantthemes.com', '51-725-4244');
insert into Passenger (FirstName, LastName, email, PassportNumber) values ('Reyna', 'Berzon', 'rberzondl@163.com', '95-938-5143');
insert into Passenger (FirstName, LastName, email, PassportNumber) values ('Nicola', 'Ecclesall', 'necclesalldm@stanford.edu', '07-937-6310');
insert into Passenger (FirstName, LastName, email, PassportNumber) values ('Eugenio', 'Tingcomb', 'etingcombdn@liveinternet.ru', '97-593-9263');
insert into Passenger (FirstName, LastName, email, PassportNumber) values ('Sibby', 'Boucher', 'sboucherdo@dailymail.co.uk', '90-164-9405');
insert into Passenger (FirstName, LastName, email, PassportNumber) values ('Willette', 'Prickett', 'wprickettdp@so-net.ne.jp', '32-485-6581');
insert into Passenger (FirstName, LastName, email, PassportNumber) values ('Dicky', 'Delwater', 'ddelwaterdq@cnn.com', '08-350-6453');
insert into Passenger (FirstName, LastName, email, PassportNumber) values ('Honor', 'Crossby', 'hcrossbydr@chicagotribune.com', '23-893-5731');
insert into Passenger (FirstName, LastName, email, PassportNumber) values ('Sasha', 'Bosanko', 'sbosankods@1und1.de', '16-393-8185');
insert into Passenger (FirstName, LastName, email, PassportNumber) values ('Sean', 'Grayshon', 'sgrayshondt@infoseek.co.jp', '80-980-0215');
insert into Passenger (FirstName, LastName, email, PassportNumber) values ('Isac', 'Plumbley', 'iplumbleydu@oakley.com', '66-691-2127');
insert into Passenger (FirstName, LastName, email, PassportNumber) values ('Norbert', 'Bras', 'nbrasdv@arizona.edu', '74-719-2372');
insert into Passenger (FirstName, LastName, email, PassportNumber) values ('Auria', 'Langworthy', 'alangworthydw@wunderground.com', '49-473-4344');
insert into Passenger (FirstName, LastName, email, PassportNumber) values ('Barn', 'Gress', 'bgressdx@sourceforge.net', '50-635-2445');
insert into Passenger (FirstName, LastName, email, PassportNumber) values ('Jen', 'Perin', 'jperindy@acquirethisname.com', '21-007-2039');
insert into Passenger (FirstName, LastName, email, PassportNumber) values ('Dru', 'Sleicht', 'dsleichtdz@huffingtonpost.com', '81-627-4044');
insert into Passenger (FirstName, LastName, email, PassportNumber) values ('Daffy', 'Gow', 'dgowe0@newsvine.com', '61-435-0721');
insert into Passenger (FirstName, LastName, email, PassportNumber) values ('Zak', 'Dwire', 'zdwiree1@nih.gov', '23-822-2790');
insert into Passenger (FirstName, LastName, email, PassportNumber) values ('Mab', 'Teasdale-Markie', 'mteasdalemarkiee2@timesonline.co.uk', '21-307-1242');
insert into Passenger (FirstName, LastName, email, PassportNumber) values ('Jade', 'Southerns', 'jsouthernse3@rambler.ru', '87-778-3503');
insert into Passenger (FirstName, LastName, email, PassportNumber) values ('Kay', 'Woodfine', 'kwoodfinee4@biglobe.ne.jp', '83-565-8200');
insert into Passenger (FirstName, LastName, email, PassportNumber) values ('Pip', 'Amott', 'pamotte5@fda.gov', '19-541-9082');
insert into Passenger (FirstName, LastName, email, PassportNumber) values ('Elizabeth', 'Danielsky', 'edanielskye6@joomla.org', '50-799-8016');
insert into Passenger (FirstName, LastName, email, PassportNumber) values ('Theresita', 'Duetschens', 'tduetschense7@bbc.co.uk', '28-329-5417');
insert into Passenger (FirstName, LastName, email, PassportNumber) values ('Berri', 'Ammer', 'bammere8@lulu.com', '57-814-6305');
insert into Passenger (FirstName, LastName, email, PassportNumber) values ('Barbra', 'Herreros', 'bherrerose9@howstuffworks.com', '20-387-2755');
insert into Passenger (FirstName, LastName, email, PassportNumber) values ('Junette', 'O''Shiel', 'joshielea@uol.com.br', '63-998-8078');
insert into Passenger (FirstName, LastName, email, PassportNumber) values ('Dulcinea', 'Benediktovich', 'dbenediktovicheb@phoca.cz', '43-234-9341');
insert into Passenger (FirstName, LastName, email, PassportNumber) values ('Weber', 'Gutherson', 'wguthersonec@blogs.com', '71-660-1257');
insert into Passenger (FirstName, LastName, email, PassportNumber) values ('Isiahi', 'Swatheridge', 'iswatheridgeed@jalbum.net', '80-972-7846');
insert into Passenger (FirstName, LastName, email, PassportNumber) values ('Erny', 'McGilben', 'emcgilbenee@paginegialle.it', '92-832-9779');
insert into Passenger (FirstName, LastName, email, PassportNumber) values ('Erwin', 'Bannard', 'ebannardef@about.com', '45-576-4752');
insert into Passenger (FirstName, LastName, email, PassportNumber) values ('Ursula', 'Dobing', 'udobingeg@eepurl.com', '07-233-5715');
insert into Passenger (FirstName, LastName, email, PassportNumber) values ('Sterling', 'Woodcroft', 'swoodcrofteh@home.pl', '65-878-9992');
insert into Passenger (FirstName, LastName, email, PassportNumber) values ('Zorine', 'Mabbot', 'zmabbotei@macromedia.com', '19-931-1818');
insert into Passenger (FirstName, LastName, email, PassportNumber) values ('Laureen', 'Bullas', 'lbullasej@stanford.edu', '46-846-0105');
insert into Passenger (FirstName, LastName, email, PassportNumber) values ('Edee', 'Stickles', 'esticklesek@aboutads.info', '55-613-6809');
insert into Passenger (FirstName, LastName, email, PassportNumber) values ('Leora', 'Jerred', 'ljerredel@netlog.com', '13-317-6568');
insert into Passenger (FirstName, LastName, email, PassportNumber) values ('Norah', 'Britney', 'nbritneyem@altervista.org', '93-415-9941');
insert into Passenger (FirstName, LastName, email, PassportNumber) values ('Somerset', 'Bresnahan', 'sbresnahanen@bing.com', '77-253-8882');
insert into Passenger (FirstName, LastName, email, PassportNumber) values ('Burgess', 'Chastang', 'bchastangeo@adobe.com', '12-546-8427');
insert into Passenger (FirstName, LastName, email, PassportNumber) values ('Adriena', 'Makepeace', 'amakepeaceep@guardian.co.uk', '51-521-8636');
insert into Passenger (FirstName, LastName, email, PassportNumber) values ('Quentin', 'Bennetts', 'qbennettseq@flavors.me', '87-740-2154');
insert into Passenger (FirstName, LastName, email, PassportNumber) values ('Isa', 'Tissier', 'itissierer@columbia.edu', '78-638-9647');
insert into Passenger (FirstName, LastName, email, PassportNumber) values ('Faun', 'Cecely', 'fcecelyes@example.com', '83-005-4408');
insert into Passenger (FirstName, LastName, email, PassportNumber) values ('Palmer', 'Larmor', 'plarmoret@nytimes.com', '62-952-8078');
insert into Passenger (FirstName, LastName, email, PassportNumber) values ('Kassia', 'Gorgl', 'kgorgleu@google.fr', '88-995-0028');
insert into Passenger (FirstName, LastName, email, PassportNumber) values ('Culley', 'Cairney', 'ccairneyev@nyu.edu', '95-460-1499');
insert into Passenger (FirstName, LastName, email, PassportNumber) values ('Paquito', 'Casse', 'pcasseew@indiegogo.com', '09-066-1270');
insert into Passenger (FirstName, LastName, email, PassportNumber) values ('Sholom', 'Eppson', 'seppsonex@hubpages.com', '56-474-3677');
insert into Passenger (FirstName, LastName, email, PassportNumber) values ('Rena', 'Davies', 'rdaviesey@earthlink.net', '97-488-5605');
insert into Passenger (FirstName, LastName, email, PassportNumber) values ('Bobbi', 'Brundrett', 'bbrundrettez@marketwatch.com', '56-220-0268');
insert into Passenger (FirstName, LastName, email, PassportNumber) values ('Lena', 'Naptine', 'lnaptinef0@bing.com', '85-418-7723');
insert into Passenger (FirstName, LastName, email, PassportNumber) values ('Conny', 'Udden', 'cuddenf1@theglobeandmail.com', '98-254-0519');
insert into Passenger (FirstName, LastName, email, PassportNumber) values ('Holmes', 'Sydall', 'hsydallf2@globo.com', '49-539-5457');
insert into Passenger (FirstName, LastName, email, PassportNumber) values ('Alverta', 'Huckel', 'ahuckelf3@stanford.edu', '34-607-4457');
insert into Passenger (FirstName, LastName, email, PassportNumber) values ('Blinni', 'Rosenbarg', 'brosenbargf4@ibm.com', '03-625-4416');
insert into Passenger (FirstName, LastName, email, PassportNumber) values ('Malvina', 'Adkins', 'madkinsf5@livejournal.com', '37-497-5989');
insert into Passenger (FirstName, LastName, email, PassportNumber) values ('Amitie', 'Holtom', 'aholtomf6@google.it', '72-556-0085');
insert into Passenger (FirstName, LastName, email, PassportNumber) values ('Reinaldos', 'Laughrey', 'rlaughreyf7@alibaba.com', '09-643-9646');
insert into Passenger (FirstName, LastName, email, PassportNumber) values ('Aarika', 'Harsent', 'aharsentf8@rakuten.co.jp', '77-659-2023');
insert into Passenger (FirstName, LastName, email, PassportNumber) values ('Alexandre', 'Goggey', 'agoggeyf9@youku.com', '39-293-4516');
insert into Passenger (FirstName, LastName, email, PassportNumber) values ('Raquel', 'Bergeon', 'rbergeonfa@google.nl', '94-012-8842');
insert into Passenger (FirstName, LastName, email, PassportNumber) values ('Liana', 'Drance', 'ldrancefb@alibaba.com', '35-982-4138');
insert into Passenger (FirstName, LastName, email, PassportNumber) values ('Caren', 'Benini', 'cbeninifc@mit.edu', '46-564-1304');
insert into Passenger (FirstName, LastName, email, PassportNumber) values ('Hayden', 'Hambelton', 'hhambeltonfd@cafepress.com', '43-008-6977');
insert into Passenger (FirstName, LastName, email, PassportNumber) values ('Ivie', 'Vido', 'ividofe@list-manage.com', '31-222-0274');
insert into Passenger (FirstName, LastName, email, PassportNumber) values ('Charo', 'Glastonbury', 'cglastonburyff@so-net.ne.jp', '45-481-7544');
insert into Passenger (FirstName, LastName, email, PassportNumber) values ('Elvin', 'Bodley', 'ebodleyfg@stumbleupon.com', '36-167-8858');
insert into Passenger (FirstName, LastName, email, PassportNumber) values ('Traver', 'Semonin', 'tsemoninfh@dyndns.org', '58-813-5777');
insert into Passenger (FirstName, LastName, email, PassportNumber) values ('Hildagard', 'Gosdin', 'hgosdinfi@ycombinator.com', '82-087-3424');
insert into Passenger (FirstName, LastName, email, PassportNumber) values ('Koressa', 'Mably', 'kmablyfj@freewebs.com', '58-020-9701');
insert into Passenger (FirstName, LastName, email, PassportNumber) values ('Tiff', 'Verdie', 'tverdiefk@artisteer.com', '38-211-5006');
insert into Passenger (FirstName, LastName, email, PassportNumber) values ('Bunni', 'Cutbirth', 'bcutbirthfl@devhub.com', '25-919-9333');
insert into Passenger (FirstName, LastName, email, PassportNumber) values ('Sergei', 'Yea', 'syeafm@miitbeian.gov.cn', '32-598-3820');
insert into Passenger (FirstName, LastName, email, PassportNumber) values ('Conroy', 'Thorneloe', 'cthorneloefn@free.fr', '18-520-8210');
insert into Passenger (FirstName, LastName, email, PassportNumber) values ('Davey', 'Despenser', 'ddespenserfo@techcrunch.com', '25-705-3498');
insert into Passenger (FirstName, LastName, email, PassportNumber) values ('Ronna', 'Pakeman', 'rpakemanfp@skype.com', '03-592-2909');
insert into Passenger (FirstName, LastName, email, PassportNumber) values ('Peter', 'Morsey', 'pmorseyfq@princeton.edu', '54-719-2973');
insert into Passenger (FirstName, LastName, email, PassportNumber) values ('Lexine', 'McDuffy', 'lmcduffyfr@cnbc.com', '63-759-4207');
insert into Passenger (FirstName, LastName, email, PassportNumber) values ('Anneliese', 'Shafier', 'ashafierfs@geocities.jp', '11-095-5740');
insert into Passenger (FirstName, LastName, email, PassportNumber) values ('Lona', 'Ciccerale', 'lcicceraleft@istockphoto.com', '05-833-9905');
insert into Passenger (FirstName, LastName, email, PassportNumber) values ('Ogden', 'Pudding', 'opuddingfu@blogs.com', '28-393-1382');
insert into Passenger (FirstName, LastName, email, PassportNumber) values ('Krysta', 'Mainz', 'kmainzfv@whitehouse.gov', '13-271-9771');
insert into Passenger (FirstName, LastName, email, PassportNumber) values ('Micheal', 'Graveney', 'mgraveneyfw@google.pl', '20-610-8160');
insert into Passenger (FirstName, LastName, email, PassportNumber) values ('Curcio', 'Stowers', 'cstowersfx@ifeng.com', '43-911-6249');
insert into Passenger (FirstName, LastName, email, PassportNumber) values ('Faulkner', 'Attwell', 'fattwellfy@trellian.com', '26-051-5603');
insert into Passenger (FirstName, LastName, email, PassportNumber) values ('Alric', 'Ditchett', 'aditchettfz@google.fr', '19-119-2688');
insert into Passenger (FirstName, LastName, email, PassportNumber) values ('Osmund', 'McKevany', 'omckevanyg0@imgur.com', '27-849-3841');
insert into Passenger (FirstName, LastName, email, PassportNumber) values ('Evania', 'Gerraty', 'egerratyg1@hud.gov', '39-568-7859');
insert into Passenger (FirstName, LastName, email, PassportNumber) values ('Letisha', 'McGregor', 'lmcgregorg2@si.edu', '41-990-3887');
insert into Passenger (FirstName, LastName, email, PassportNumber) values ('Kizzee', 'Manoelli', 'kmanoellig3@freewebs.com', '84-234-6167');
insert into Passenger (FirstName, LastName, email, PassportNumber) values ('Chanda', 'McElhinney', 'cmcelhinneyg4@a8.net', '20-187-5401');
insert into Passenger (FirstName, LastName, email, PassportNumber) values ('Gabriel', 'Bigrigg', 'gbigriggg5@icio.us', '02-557-8667');
insert into Passenger (FirstName, LastName, email, PassportNumber) values ('Cymbre', 'Birdwistle', 'cbirdwistleg6@vkontakte.ru', '29-928-8441');
insert into Passenger (FirstName, LastName, email, PassportNumber) values ('Charline', 'Zoppo', 'czoppog7@squarespace.com', '25-066-0462');
insert into Passenger (FirstName, LastName, email, PassportNumber) values ('Clint', 'Dovington', 'cdovingtong8@rambler.ru', '06-066-2084');
insert into Passenger (FirstName, LastName, email, PassportNumber) values ('Demetra', 'Gretham', 'dgrethamg9@engadget.com', '73-816-7970');
insert into Passenger (FirstName, LastName, email, PassportNumber) values ('Auberta', 'Havard', 'ahavardga@joomla.org', '68-863-5112');
insert into Passenger (FirstName, LastName, email, PassportNumber) values ('Mikey', 'Gioani', 'mgioanigb@walmart.com', '52-829-2138');
insert into Passenger (FirstName, LastName, email, PassportNumber) values ('Siward', 'Olligan', 'solligangc@g.co', '45-514-1061');
insert into Passenger (FirstName, LastName, email, PassportNumber) values ('Anjanette', 'Empringham', 'aempringhamgd@constantcontact.com', '33-853-5952');
insert into Passenger (FirstName, LastName, email, PassportNumber) values ('Celka', 'Eudall', 'ceudallge@dion.ne.jp', '77-522-4238');
insert into Passenger (FirstName, LastName, email, PassportNumber) values ('Deck', 'Tremathick', 'dtremathickgf@ucoz.ru', '11-861-4734');
insert into Passenger (FirstName, LastName, email, PassportNumber) values ('Tania', 'Jotham', 'tjothamgg@arizona.edu', '65-999-2966');
insert into Passenger (FirstName, LastName, email, PassportNumber) values ('Carson', 'Allsep', 'callsepgh@berkeley.edu', '28-508-4316');
insert into Passenger (FirstName, LastName, email, PassportNumber) values ('Kelli', 'Fere', 'kferegi@ed.gov', '60-584-8677');
insert into Passenger (FirstName, LastName, email, PassportNumber) values ('Linette', 'Chalker', 'lchalkergj@list-manage.com', '33-866-0801');
insert into Passenger (FirstName, LastName, email, PassportNumber) values ('Geoffry', 'Goodlatt', 'ggoodlattgk@ihg.com', '87-751-7458');
insert into Passenger (FirstName, LastName, email, PassportNumber) values ('Lindie', 'Borrott', 'lborrottgl@artisteer.com', '13-416-1945');
insert into Passenger (FirstName, LastName, email, PassportNumber) values ('Jeffrey', 'Husset', 'jhussetgm@hp.com', '07-383-9148');
insert into Passenger (FirstName, LastName, email, PassportNumber) values ('Karoly', 'Parkes', 'kparkesgn@howstuffworks.com', '08-640-6018');
insert into Passenger (FirstName, LastName, email, PassportNumber) values ('Dniren', 'Heady', 'dheadygo@soup.io', '43-196-3266');
insert into Passenger (FirstName, LastName, email, PassportNumber) values ('Devonna', 'Heinrich', 'dheinrichgp@slideshare.net', '73-221-5704');
insert into Passenger (FirstName, LastName, email, PassportNumber) values ('Ysabel', 'Jereatt', 'yjereattgq@va.gov', '83-798-4232');
insert into Passenger (FirstName, LastName, email, PassportNumber) values ('Ryann', 'Boulton', 'rboultongr@disqus.com', '16-419-6407');
insert into Passenger (FirstName, LastName, email, PassportNumber) values ('Freeland', 'Rist', 'fristgs@twitter.com', '07-269-4187');
insert into Passenger (FirstName, LastName, email, PassportNumber) values ('Enid', 'Tarbin', 'etarbingt@upenn.edu', '79-692-0107');
insert into Passenger (FirstName, LastName, email, PassportNumber) values ('Dougie', 'Yarrow', 'dyarrowgu@free.fr', '08-757-7034');
insert into Passenger (FirstName, LastName, email, PassportNumber) values ('Shaylah', 'Mangion', 'smangiongv@redcross.org', '80-570-7935');
insert into Passenger (FirstName, LastName, email, PassportNumber) values ('Gerrard', 'Kirgan', 'gkirgangw@businesswire.com', '84-017-3513');
insert into Passenger (FirstName, LastName, email, PassportNumber) values ('Byrom', 'Domenichini', 'bdomenichinigx@nsw.gov.au', '52-286-2121');
insert into Passenger (FirstName, LastName, email, PassportNumber) values ('Rosemaria', 'Eyckelberg', 'reyckelberggy@google.cn', '75-715-5634');
insert into Passenger (FirstName, LastName, email, PassportNumber) values ('Carolynn', 'Barlee', 'cbarleegz@drupal.org', '16-559-3334');
insert into Passenger (FirstName, LastName, email, PassportNumber) values ('Josephina', 'Hudghton', 'jhudghtonh0@oaic.gov.au', '21-441-2525');
insert into Passenger (FirstName, LastName, email, PassportNumber) values ('Brooke', 'Holworth', 'bholworthh1@virginia.edu', '94-987-3354');
insert into Passenger (FirstName, LastName, email, PassportNumber) values ('Sofie', 'Iacomettii', 'siacomettiih2@youku.com', '94-951-5599');
insert into Passenger (FirstName, LastName, email, PassportNumber) values ('Adelaide', 'Belshaw', 'abelshawh3@walmart.com', '79-625-4132');
insert into Passenger (FirstName, LastName, email, PassportNumber) values ('Giulio', 'Duval', 'gduvalh4@soup.io', '37-681-9707');
insert into Passenger (FirstName, LastName, email, PassportNumber) values ('Cherish', 'Cogdell', 'ccogdellh5@pcworld.com', '64-231-8620');
insert into Passenger (FirstName, LastName, email, PassportNumber) values ('Marchelle', 'Habard', 'mhabardh6@liveinternet.ru', '39-834-2587');
insert into Passenger (FirstName, LastName, email, PassportNumber) values ('Gertruda', 'Absalom', 'gabsalomh7@usatoday.com', '96-503-4198');
insert into Passenger (FirstName, LastName, email, PassportNumber) values ('Zolly', 'Dollimore', 'zdollimoreh8@gnu.org', '68-100-7438');
insert into Passenger (FirstName, LastName, email, PassportNumber) values ('Tawsha', 'Sprowle', 'tsprowleh9@ovh.net', '91-839-7979');
insert into Passenger (FirstName, LastName, email, PassportNumber) values ('Daven', 'Camden', 'dcamdenha@baidu.com', '16-641-3873');
insert into Passenger (FirstName, LastName, email, PassportNumber) values ('Catlee', 'Maris', 'cmarishb@lulu.com', '83-693-4062');
insert into Passenger (FirstName, LastName, email, PassportNumber) values ('Lexy', 'Tommei', 'ltommeihc@eventbrite.com', '33-425-3822');
insert into Passenger (FirstName, LastName, email, PassportNumber) values ('Marcel', 'Benallack', 'mbenallackhd@cocolog-nifty.com', '96-451-6032');
insert into Passenger (FirstName, LastName, email, PassportNumber) values ('Earvin', 'MacGrath', 'emacgrathhe@printfriendly.com', '29-220-1637');
insert into Passenger (FirstName, LastName, email, PassportNumber) values ('Dalston', 'Kadar', 'dkadarhf@51.la', '39-796-8290');
insert into Passenger (FirstName, LastName, email, PassportNumber) values ('Berky', 'Sudworth', 'bsudworthhg@wordpress.com', '88-261-4559');
insert into Passenger (FirstName, LastName, email, PassportNumber) values ('Ezri', 'Litchmore', 'elitchmorehh@umn.edu', '72-373-2856');
insert into Passenger (FirstName, LastName, email, PassportNumber) values ('Marjorie', 'Molan', 'mmolanhi@google.ru', '27-331-5696');
insert into Passenger (FirstName, LastName, email, PassportNumber) values ('Chic', 'Pennycock', 'cpennycockhj@issuu.com', '65-596-2363');
insert into Passenger (FirstName, LastName, email, PassportNumber) values ('Tades', 'Gagan', 'tgaganhk@sogou.com', '61-479-4473');
insert into Passenger (FirstName, LastName, email, PassportNumber) values ('Catherin', 'Muge', 'cmugehl@discovery.com', '41-979-1734');
insert into Passenger (FirstName, LastName, email, PassportNumber) values ('Kinna', 'Ragsdall', 'kragsdallhm@ucsd.edu', '86-579-1467');
insert into Passenger (FirstName, LastName, email, PassportNumber) values ('Ax', 'Prott', 'aprotthn@nymag.com', '66-209-8570');
insert into Passenger (FirstName, LastName, email, PassportNumber) values ('Devonna', 'Dodgshun', 'ddodgshunho@slate.com', '06-762-2650');
insert into Passenger (FirstName, LastName, email, PassportNumber) values ('Malchy', 'Byars', 'mbyarshp@mail.ru', '49-135-6647');
insert into Passenger (FirstName, LastName, email, PassportNumber) values ('Corey', 'Bletsor', 'cbletsorhq@desdev.cn', '40-840-6667');
insert into Passenger (FirstName, LastName, email, PassportNumber) values ('Charlene', 'Derington', 'cderingtonhr@surveymonkey.com', '85-647-5155');
insert into Passenger (FirstName, LastName, email, PassportNumber) values ('Bing', 'Hovey', 'bhoveyhs@acquirethisname.com', '26-368-7724');
insert into Passenger (FirstName, LastName, email, PassportNumber) values ('Duffy', 'Braz', 'dbrazht@mozilla.com', '83-299-7424');
insert into Passenger (FirstName, LastName, email, PassportNumber) values ('Kurtis', 'Dillingston', 'kdillingstonhu@jalbum.net', '26-880-4297');
insert into Passenger (FirstName, LastName, email, PassportNumber) values ('Gayel', 'Bloomfield', 'gbloomfieldhv@ebay.co.uk', '87-862-4890');
insert into Passenger (FirstName, LastName, email, PassportNumber) values ('Felicle', 'Assante', 'fassantehw@networksolutions.com', '55-164-6606');
insert into Passenger (FirstName, LastName, email, PassportNumber) values ('Debi', 'Woolcocks', 'dwoolcockshx@chicagotribune.com', '72-156-4686');
insert into Passenger (FirstName, LastName, email, PassportNumber) values ('Jess', 'Grute', 'jgrutehy@rambler.ru', '03-618-3699');
insert into Passenger (FirstName, LastName, email, PassportNumber) values ('Clement', 'Bister', 'cbisterhz@ft.com', '86-350-3084');
insert into Passenger (FirstName, LastName, email, PassportNumber) values ('Andreana', 'Wollacott', 'awollacotti0@yahoo.com', '05-973-7461');
insert into Passenger (FirstName, LastName, email, PassportNumber) values ('Vania', 'Warters', 'vwartersi1@surveymonkey.com', '31-411-7851');
insert into Passenger (FirstName, LastName, email, PassportNumber) values ('Gladys', 'Perton', 'gpertoni2@epa.gov', '73-846-7253');
insert into Passenger (FirstName, LastName, email, PassportNumber) values ('Nariko', 'Gouldthorpe', 'ngouldthorpei3@unesco.org', '84-543-2299');
insert into Passenger (FirstName, LastName, email, PassportNumber) values ('Paolina', 'Ion', 'pioni4@jimdo.com', '32-036-9657');
insert into Passenger (FirstName, LastName, email, PassportNumber) values ('Rose', 'Saffell', 'rsaffelli5@walmart.com', '14-151-8675');
insert into Passenger (FirstName, LastName, email, PassportNumber) values ('Clarita', 'Giddings', 'cgiddingsi6@dailymail.co.uk', '07-266-1112');
insert into Passenger (FirstName, LastName, email, PassportNumber) values ('Berton', 'Clifton', 'bcliftoni7@ft.com', '08-123-5070');
insert into Passenger (FirstName, LastName, email, PassportNumber) values ('Dallas', 'Mortimer', 'dmortimeri8@unblog.fr', '98-919-7468');
insert into Passenger (FirstName, LastName, email, PassportNumber) values ('Sibel', 'Beedie', 'sbeediei9@timesonline.co.uk', '41-760-5689');
insert into Passenger (FirstName, LastName, email, PassportNumber) values ('Anson', 'Waghorn', 'awaghornia@creativecommons.org', '40-385-9426');
insert into Passenger (FirstName, LastName, email, PassportNumber) values ('Hortensia', 'Cornels', 'hcornelsib@slideshare.net', '71-580-7339');
insert into Passenger (FirstName, LastName, email, PassportNumber) values ('Celine', 'Gammell', 'cgammellic@is.gd', '39-905-1844');
insert into Passenger (FirstName, LastName, email, PassportNumber) values ('Trever', 'Srutton', 'tsruttonid@163.com', '55-054-3461');
insert into Passenger (FirstName, LastName, email, PassportNumber) values ('Harlin', 'Mordy', 'hmordyie@icio.us', '90-507-9680');
insert into Passenger (FirstName, LastName, email, PassportNumber) values ('Ennis', 'Croyden', 'ecroydenif@census.gov', '83-970-6438');
insert into Passenger (FirstName, LastName, email, PassportNumber) values ('Jobyna', 'Rayman', 'jraymanig@etsy.com', '03-360-6508');
insert into Passenger (FirstName, LastName, email, PassportNumber) values ('Jeno', 'Rhubottom', 'jrhubottomih@state.tx.us', '05-121-0267');
insert into Passenger (FirstName, LastName, email, PassportNumber) values ('Bruce', 'Sudell', 'bsudellii@bbc.co.uk', '12-345-1610');
insert into Passenger (FirstName, LastName, email, PassportNumber) values ('Darleen', 'Grolmann', 'dgrolmannij@dailymotion.com', '14-224-2024');
insert into Passenger (FirstName, LastName, email, PassportNumber) values ('Casi', 'Coviello', 'ccovielloik@buzzfeed.com', '60-065-1030');
insert into Passenger (FirstName, LastName, email, PassportNumber) values ('Paco', 'Wickardt', 'pwickardtil@wikimedia.org', '14-278-3803');
insert into Passenger (FirstName, LastName, email, PassportNumber) values ('Lucho', 'Hawkridge', 'lhawkridgeim@columbia.edu', '50-763-9577');
insert into Passenger (FirstName, LastName, email, PassportNumber) values ('Pierce', 'Brunicke', 'pbrunickein@house.gov', '04-438-5432');
insert into Passenger (FirstName, LastName, email, PassportNumber) values ('Becka', 'Campey', 'bcampeyio@plala.or.jp', '70-608-3355');
insert into Passenger (FirstName, LastName, email, PassportNumber) values ('Ynes', 'Frid', 'yfridip@blogspot.com', '27-558-5872');
insert into Passenger (FirstName, LastName, email, PassportNumber) values ('Trstram', 'Anshell', 'tanshelliq@admin.ch', '19-987-1123');
insert into Passenger (FirstName, LastName, email, PassportNumber) values ('Neal', 'Figin', 'nfiginir@indiatimes.com', '17-957-7763');
insert into Passenger (FirstName, LastName, email, PassportNumber) values ('Madel', 'Tolotti', 'mtolottiis@hatena.ne.jp', '95-513-1983');
insert into Passenger (FirstName, LastName, email, PassportNumber) values ('Inger', 'Folling', 'ifollingit@wix.com', '69-992-9390');
insert into Passenger (FirstName, LastName, email, PassportNumber) values ('Stu', 'Handaside', 'shandasideiu@histats.com', '94-936-0730');
insert into Passenger (FirstName, LastName, email, PassportNumber) values ('Marmaduke', 'Mobley', 'mmobleyiv@guardian.co.uk', '47-340-8245');
insert into Passenger (FirstName, LastName, email, PassportNumber) values ('Glennis', 'Dunham', 'gdunhamiw@cisco.com', '18-644-6175');
insert into Passenger (FirstName, LastName, email, PassportNumber) values ('Cletus', 'Kleis', 'ckleisix@gmpg.org', '89-373-1388');
insert into Passenger (FirstName, LastName, email, PassportNumber) values ('Rasia', 'Kirkwood', 'rkirkwoodiy@yahoo.co.jp', '05-413-7773');
insert into Passenger (FirstName, LastName, email, PassportNumber) values ('Donni', 'Behneke', 'dbehnekeiz@istockphoto.com', '99-759-0223');
insert into Passenger (FirstName, LastName, email, PassportNumber) values ('Temple', 'Rablen', 'trablenj0@tinypic.com', '73-513-2369');
insert into Passenger (FirstName, LastName, email, PassportNumber) values ('Euell', 'Oliver', 'eoliverj1@about.me', '11-760-5426');
insert into Passenger (FirstName, LastName, email, PassportNumber) values ('Shoshana', 'O''Crowley', 'socrowleyj2@epa.gov', '07-160-2882');
insert into Passenger (FirstName, LastName, email, PassportNumber) values ('Krystyna', 'Leafe', 'kleafej3@time.com', '38-110-7703');
insert into Passenger (FirstName, LastName, email, PassportNumber) values ('Abba', 'Rubinov', 'arubinovj4@ucla.edu', '26-513-1580');
insert into Passenger (FirstName, LastName, email, PassportNumber) values ('Merwyn', 'McRannell', 'mmcrannellj5@mashable.com', '69-319-3361');
insert into Passenger (FirstName, LastName, email, PassportNumber) values ('Philippa', 'Sobieski', 'psobieskij6@spotify.com', '86-298-1371');
insert into Passenger (FirstName, LastName, email, PassportNumber) values ('Anthony', 'Whybray', 'awhybrayj7@ocn.ne.jp', '42-140-9567');
insert into Passenger (FirstName, LastName, email, PassportNumber) values ('Felicle', 'McNiven', 'fmcnivenj8@mlb.com', '76-944-0179');
insert into Passenger (FirstName, LastName, email, PassportNumber) values ('Nissie', 'Grisard', 'ngrisardj9@technorati.com', '27-412-3590');
insert into Passenger (FirstName, LastName, email, PassportNumber) values ('Carmon', 'Garaway', 'cgarawayja@seattletimes.com', '17-379-4666');
insert into Passenger (FirstName, LastName, email, PassportNumber) values ('Yehudit', 'Stegel', 'ystegeljb@photobucket.com', '74-922-8069');
insert into Passenger (FirstName, LastName, email, PassportNumber) values ('Kale', 'Cordon', 'kcordonjc@prweb.com', '94-552-4531');
insert into Passenger (FirstName, LastName, email, PassportNumber) values ('Jackelyn', 'Ableson', 'jablesonjd@adobe.com', '58-957-3359');
insert into Passenger (FirstName, LastName, email, PassportNumber) values ('Augustina', 'Hatherley', 'ahatherleyje@sina.com.cn', '04-815-3941');
insert into Passenger (FirstName, LastName, email, PassportNumber) values ('Trumann', 'Merrgan', 'tmerrganjf@abc.net.au', '55-517-0429');
insert into Passenger (FirstName, LastName, email, PassportNumber) values ('Karlens', 'McCarry', 'kmccarryjg@hao123.com', '61-191-1314');
insert into Passenger (FirstName, LastName, email, PassportNumber) values ('Jodee', 'Stackbridge', 'jstackbridgejh@marketwatch.com', '51-495-5318');
insert into Passenger (FirstName, LastName, email, PassportNumber) values ('Jenda', 'Tattershaw', 'jtattershawji@wired.com', '89-428-6898');
insert into Passenger (FirstName, LastName, email, PassportNumber) values ('Ewan', 'Dawdry', 'edawdryjj@rambler.ru', '01-026-8036');
insert into Passenger (FirstName, LastName, email, PassportNumber) values ('Reina', 'Perring', 'rperringjk@gov.uk', '91-360-9778');
insert into Passenger (FirstName, LastName, email, PassportNumber) values ('Luis', 'Van Dale', 'lvandalejl@ucla.edu', '42-643-4971');
insert into Passenger (FirstName, LastName, email, PassportNumber) values ('Jasper', 'Brenton', 'jbrentonjm@ow.ly', '66-330-9517');
insert into Passenger (FirstName, LastName, email, PassportNumber) values ('Bel', 'Kislingbury', 'bkislingburyjn@reverbnation.com', '51-885-7502');
insert into Passenger (FirstName, LastName, email, PassportNumber) values ('Marwin', 'Bence', 'mbencejo@theglobeandmail.com', '47-285-0634');
insert into Passenger (FirstName, LastName, email, PassportNumber) values ('Brooke', 'Thoresbie', 'bthoresbiejp@fastcompany.com', '02-138-3673');
insert into Passenger (FirstName, LastName, email, PassportNumber) values ('Indira', 'Prestner', 'iprestnerjq@newsvine.com', '61-811-2687');
insert into Passenger (FirstName, LastName, email, PassportNumber) values ('Claribel', 'Trevena', 'ctrevenajr@mlb.com', '45-016-5165');
insert into Passenger (FirstName, LastName, email, PassportNumber) values ('Maxi', 'Gaddas', 'mgaddasjs@netvibes.com', '77-865-6629');
insert into Passenger (FirstName, LastName, email, PassportNumber) values ('Addie', 'Tunney', 'atunneyjt@github.com', '06-295-0647');
insert into Passenger (FirstName, LastName, email, PassportNumber) values ('Mirelle', 'Flaxon', 'mflaxonju@ca.gov', '78-034-3660');
insert into Passenger (FirstName, LastName, email, PassportNumber) values ('Elly', 'Kolin', 'ekolinjv@weebly.com', '22-960-1799');
insert into Passenger (FirstName, LastName, email, PassportNumber) values ('Padraig', 'Abys', 'pabysjw@hubpages.com', '56-682-6233');
insert into Passenger (FirstName, LastName, email, PassportNumber) values ('Alberto', 'Dami', 'adamijx@facebook.com', '78-573-0100');
insert into Passenger (FirstName, LastName, email, PassportNumber) values ('Carly', 'Aldwick', 'caldwickjy@yahoo.co.jp', '14-358-0562');
insert into Passenger (FirstName, LastName, email, PassportNumber) values ('Dante', 'Calvie', 'dcalviejz@fastcompany.com', '09-749-1088');
insert into Passenger (FirstName, LastName, email, PassportNumber) values ('Fernando', 'Hebblethwaite', 'fhebblethwaitek0@rediff.com', '47-232-0666');
insert into Passenger (FirstName, LastName, email, PassportNumber) values ('Whitman', 'Garter', 'wgarterk1@soup.io', '79-217-9299');
insert into Passenger (FirstName, LastName, email, PassportNumber) values ('Ariella', 'Hallitt', 'ahallittk2@live.com', '17-731-4588');
insert into Passenger (FirstName, LastName, email, PassportNumber) values ('Ricca', 'Spriddle', 'rspriddlek3@unblog.fr', '24-752-4645');
insert into Passenger (FirstName, LastName, email, PassportNumber) values ('Jillane', 'Threadgold', 'jthreadgoldk4@mapy.cz', '34-603-6586');
insert into Passenger (FirstName, LastName, email, PassportNumber) values ('Jacques', 'Davidson', 'jdavidsonk5@unblog.fr', '06-350-5328');
insert into Passenger (FirstName, LastName, email, PassportNumber) values ('Mayer', 'Harcombe', 'mharcombek6@kickstarter.com', '53-297-2175');
insert into Passenger (FirstName, LastName, email, PassportNumber) values ('Ania', 'Reville', 'arevillek7@exblog.jp', '26-294-1809');
insert into Passenger (FirstName, LastName, email, PassportNumber) values ('Tadeo', 'Clancey', 'tclanceyk8@sbwire.com', '22-233-3035');
insert into Passenger (FirstName, LastName, email, PassportNumber) values ('Velvet', 'Gilbey', 'vgilbeyk9@angelfire.com', '12-019-0252');
insert into Passenger (FirstName, LastName, email, PassportNumber) values ('Thaine', 'Dipple', 'tdippleka@wikispaces.com', '41-514-5253');
insert into Passenger (FirstName, LastName, email, PassportNumber) values ('Nike', 'Eddolls', 'neddollskb@soundcloud.com', '18-950-9500');
insert into Passenger (FirstName, LastName, email, PassportNumber) values ('Spencer', 'Lusty', 'slustykc@bluehost.com', '46-587-1808');
insert into Passenger (FirstName, LastName, email, PassportNumber) values ('Olag', 'Whitehall', 'owhitehallkd@weather.com', '12-890-3510');
insert into Passenger (FirstName, LastName, email, PassportNumber) values ('Malinda', 'Bowdon', 'mbowdonke@livejournal.com', '49-035-3987');
insert into Passenger (FirstName, LastName, email, PassportNumber) values ('Torry', 'Sorsbie', 'tsorsbiekf@wordpress.org', '81-656-5864');
insert into Passenger (FirstName, LastName, email, PassportNumber) values ('Allie', 'Basden', 'abasdenkg@bluehost.com', '95-507-1519');
insert into Passenger (FirstName, LastName, email, PassportNumber) values ('Jenna', 'Denney', 'jdenneykh@scientificamerican.com', '32-440-9920');
insert into Passenger (FirstName, LastName, email, PassportNumber) values ('Audie', 'Keepe', 'akeepeki@aol.com', '25-735-9122');
insert into Passenger (FirstName, LastName, email, PassportNumber) values ('Malanie', 'Droogan', 'mdroogankj@thetimes.co.uk', '23-858-0842');
insert into Passenger (FirstName, LastName, email, PassportNumber) values ('Aindrea', 'Thorns', 'athornskk@storify.com', '92-658-4242');
insert into Passenger (FirstName, LastName, email, PassportNumber) values ('Hiram', 'Duckhouse', 'hduckhousekl@tamu.edu', '17-992-5192');
insert into Passenger (FirstName, LastName, email, PassportNumber) values ('Reuven', 'Bartusek', 'rbartusekkm@ehow.com', '87-817-1822');
insert into Passenger (FirstName, LastName, email, PassportNumber) values ('Kathi', 'Nuscha', 'knuschakn@hugedomains.com', '66-869-3323');
insert into Passenger (FirstName, LastName, email, PassportNumber) values ('Jesus', 'Berk', 'jberkko@myspace.com', '62-781-1644');
insert into Passenger (FirstName, LastName, email, PassportNumber) values ('Margi', 'Glanders', 'mglanderskp@mapy.cz', '47-919-8371');
insert into Passenger (FirstName, LastName, email, PassportNumber) values ('Phillis', 'Reddie', 'preddiekq@w3.org', '52-879-7646');
insert into Passenger (FirstName, LastName, email, PassportNumber) values ('Kasey', 'Rapin', 'krapinkr@about.com', '23-823-1402');
insert into Passenger (FirstName, LastName, email, PassportNumber) values ('Kacey', 'Marmon', 'kmarmonks@freewebs.com', '25-891-2166');
insert into Passenger (FirstName, LastName, email, PassportNumber) values ('Elisha', 'Gajewski', 'egajewskikt@devhub.com', '70-033-8744');
insert into Passenger (FirstName, LastName, email, PassportNumber) values ('Udell', 'Chellam', 'uchellamku@yelp.com', '30-752-6676');
insert into Passenger (FirstName, LastName, email, PassportNumber) values ('Bren', 'Allsepp', 'ballseppkv@linkedin.com', '53-534-0333');
insert into Passenger (FirstName, LastName, email, PassportNumber) values ('Carrissa', 'Swaffer', 'cswafferkw@slideshare.net', '48-790-9624');
insert into Passenger (FirstName, LastName, email, PassportNumber) values ('Shane', 'Bracknell', 'sbracknellkx@japanpost.jp', '29-035-2274');
insert into Passenger (FirstName, LastName, email, PassportNumber) values ('Muhammad', 'Kline', 'mklineky@t-online.de', '97-873-8485');
insert into Passenger (FirstName, LastName, email, PassportNumber) values ('Levin', 'Fullstone', 'lfullstonekz@unicef.org', '57-253-5069');
insert into Passenger (FirstName, LastName, email, PassportNumber) values ('Earl', 'Bachelor', 'ebachelorl0@nymag.com', '59-350-3567');
insert into Passenger (FirstName, LastName, email, PassportNumber) values ('Carmelita', 'Pankethman', 'cpankethmanl1@cbslocal.com', '11-991-7885');
insert into Passenger (FirstName, LastName, email, PassportNumber) values ('Monte', 'Palombi', 'mpalombil2@paypal.com', '20-172-3125');
insert into Passenger (FirstName, LastName, email, PassportNumber) values ('Markus', 'Blaszczak', 'mblaszczakl3@friendfeed.com', '26-606-2208');
insert into Passenger (FirstName, LastName, email, PassportNumber) values ('Brnaba', 'Jimmison', 'bjimmisonl4@baidu.com', '14-328-0507');
insert into Passenger (FirstName, LastName, email, PassportNumber) values ('Ricoriki', 'Noone', 'rnoonel5@storify.com', '75-297-0951');
insert into Passenger (FirstName, LastName, email, PassportNumber) values ('Augustin', 'Monger', 'amongerl6@amazonaws.com', '18-688-3107');
insert into Passenger (FirstName, LastName, email, PassportNumber) values ('Bab', 'Padefield', 'bpadefieldl7@answers.com', '36-316-4426');
insert into Passenger (FirstName, LastName, email, PassportNumber) values ('Keeley', 'Osanne', 'kosannel8@meetup.com', '99-200-0670');
insert into Passenger (FirstName, LastName, email, PassportNumber) values ('Cyndi', 'Dust', 'cdustl9@instagram.com', '12-251-6995');
insert into Passenger (FirstName, LastName, email, PassportNumber) values ('Colby', 'Oakeby', 'coakebyla@java.com', '03-516-3592');
insert into Passenger (FirstName, LastName, email, PassportNumber) values ('Ardeen', 'Craigmyle', 'acraigmylelb@ycombinator.com', '78-250-9567');
insert into Passenger (FirstName, LastName, email, PassportNumber) values ('Harrietta', 'Orange', 'horangelc@nih.gov', '44-234-2485');
insert into Passenger (FirstName, LastName, email, PassportNumber) values ('Amabelle', 'Kovelmann', 'akovelmannld@mediafire.com', '07-668-2422');
insert into Passenger (FirstName, LastName, email, PassportNumber) values ('Forster', 'Foyster', 'ffoysterle@free.fr', '05-254-3240');
insert into Passenger (FirstName, LastName, email, PassportNumber) values ('Janean', 'Perl', 'jperllf@illinois.edu', '76-921-7121');
insert into Passenger (FirstName, LastName, email, PassportNumber) values ('Dee', 'Attewell', 'dattewelllg@ft.com', '15-580-8982');
insert into Passenger (FirstName, LastName, email, PassportNumber) values ('Darla', 'Jiggen', 'djiggenlh@ovh.net', '24-235-7172');
insert into Passenger (FirstName, LastName, email, PassportNumber) values ('Enrico', 'Frodsam', 'efrodsamli@opensource.org', '28-751-6234');
insert into Passenger (FirstName, LastName, email, PassportNumber) values ('Carlita', 'Braben', 'cbrabenlj@360.cn', '39-418-4709');
insert into Passenger (FirstName, LastName, email, PassportNumber) values ('Yolande', 'Vinas', 'yvinaslk@feedburner.com', '97-853-0722');
insert into Passenger (FirstName, LastName, email, PassportNumber) values ('Martie', 'Turone', 'mturonell@flavors.me', '59-051-6684');
insert into Passenger (FirstName, LastName, email, PassportNumber) values ('Tito', 'Carnihan', 'tcarnihanlm@fema.gov', '35-070-0138');
insert into Passenger (FirstName, LastName, email, PassportNumber) values ('Osmond', 'Kenvin', 'okenvinln@pbs.org', '69-551-2561');
insert into Passenger (FirstName, LastName, email, PassportNumber) values ('Lolly', 'Kitchener', 'lkitchenerlo@washington.edu', '16-204-4629');
insert into Passenger (FirstName, LastName, email, PassportNumber) values ('Bartram', 'Roos', 'brooslp@uol.com.br', '04-189-6284');
insert into Passenger (FirstName, LastName, email, PassportNumber) values ('Chanda', 'Gilham', 'cgilhamlq@biblegateway.com', '20-230-2551');
insert into Passenger (FirstName, LastName, email, PassportNumber) values ('Miran', 'Vanichkin', 'mvanichkinlr@globo.com', '67-641-0090');
insert into Passenger (FirstName, LastName, email, PassportNumber) values ('Erl', 'Sabben', 'esabbenls@ox.ac.uk', '18-006-5870');
insert into Passenger (FirstName, LastName, email, PassportNumber) values ('Karola', 'Schwander', 'kschwanderlt@netvibes.com', '21-709-8112');
insert into Passenger (FirstName, LastName, email, PassportNumber) values ('Luci', 'Rodgers', 'lrodgerslu@cmu.edu', '16-289-2864');
insert into Passenger (FirstName, LastName, email, PassportNumber) values ('Iris', 'Olivera', 'ioliveralv@army.mil', '64-315-6950');
insert into Passenger (FirstName, LastName, email, PassportNumber) values ('Thane', 'Jaggli', 'tjagglilw@house.gov', '96-675-8694');
insert into Passenger (FirstName, LastName, email, PassportNumber) values ('Jerrold', 'Boult', 'jboultlx@vistaprint.com', '58-375-2395');
insert into Passenger (FirstName, LastName, email, PassportNumber) values ('Hershel', 'Abbotson', 'habbotsonly@auda.org.au', '71-085-1838');
insert into Passenger (FirstName, LastName, email, PassportNumber) values ('Jodee', 'Harridge', 'jharridgelz@ted.com', '58-882-6062');
insert into Passenger (FirstName, LastName, email, PassportNumber) values ('Kennith', 'Euler', 'keulerm0@reddit.com', '75-739-1184');
insert into Passenger (FirstName, LastName, email, PassportNumber) values ('Belita', 'Borrow', 'bborrowm1@washingtonpost.com', '89-288-0606');
insert into Passenger (FirstName, LastName, email, PassportNumber) values ('Vincent', 'Exposito', 'vexpositom2@sciencedirect.com', '74-942-2418');
insert into Passenger (FirstName, LastName, email, PassportNumber) values ('Sancho', 'Simon', 'ssimonm3@wikia.com', '57-086-3619');
insert into Passenger (FirstName, LastName, email, PassportNumber) values ('Emalee', 'McKeachie', 'emckeachiem4@dailymail.co.uk', '68-181-8900');
insert into Passenger (FirstName, LastName, email, PassportNumber) values ('Maribelle', 'Corssen', 'mcorssenm5@cnn.com', '90-739-2867');
insert into Passenger (FirstName, LastName, email, PassportNumber) values ('Reinaldos', 'Cresswell', 'rcresswellm6@youku.com', '70-811-8601');
insert into Passenger (FirstName, LastName, email, PassportNumber) values ('Delmar', 'Dominguez', 'ddominguezm7@rediff.com', '67-832-2849');
insert into Passenger (FirstName, LastName, email, PassportNumber) values ('Jen', 'Iredale', 'jiredalem8@apple.com', '27-677-7439');
insert into Passenger (FirstName, LastName, email, PassportNumber) values ('Verne', 'Blunsden', 'vblunsdenm9@miibeian.gov.cn', '49-241-1532');
insert into Passenger (FirstName, LastName, email, PassportNumber) values ('Sean', 'Burges', 'sburgesma@fc2.com', '24-574-1198');
insert into Passenger (FirstName, LastName, email, PassportNumber) values ('Celesta', 'Emblow', 'cemblowmb@house.gov', '65-359-3322');
insert into Passenger (FirstName, LastName, email, PassportNumber) values ('Eula', 'Diggin', 'edigginmc@nifty.com', '90-614-4426');
insert into Passenger (FirstName, LastName, email, PassportNumber) values ('Valida', 'Kennler', 'vkennlermd@who.int', '00-181-1792');
insert into Passenger (FirstName, LastName, email, PassportNumber) values ('Desi', 'Esbrook', 'desbrookme@smugmug.com', '06-907-1202');
insert into Passenger (FirstName, LastName, email, PassportNumber) values ('Pavla', 'Seine', 'pseinemf@booking.com', '92-989-4633');
insert into Passenger (FirstName, LastName, email, PassportNumber) values ('Ricki', 'Fosserd', 'rfosserdmg@mysql.com', '73-383-0455');
insert into Passenger (FirstName, LastName, email, PassportNumber) values ('Gare', 'Spears', 'gspearsmh@pen.io', '81-210-8360');
insert into Passenger (FirstName, LastName, email, PassportNumber) values ('Lelia', 'Stockport', 'lstockportmi@cnbc.com', '17-402-8537');
insert into Passenger (FirstName, LastName, email, PassportNumber) values ('Antonella', 'Barles', 'abarlesmj@live.com', '88-733-5994');
insert into Passenger (FirstName, LastName, email, PassportNumber) values ('Darrin', 'Fortune', 'dfortunemk@imdb.com', '84-764-7865');
insert into Passenger (FirstName, LastName, email, PassportNumber) values ('Hanny', 'Tommasetti', 'htommasettiml@altervista.org', '36-578-2934');
insert into Passenger (FirstName, LastName, email, PassportNumber) values ('Zorine', 'Reisenstein', 'zreisensteinmm@51.la', '88-844-6663');
insert into Passenger (FirstName, LastName, email, PassportNumber) values ('Andras', 'Salt', 'asaltmn@hc360.com', '17-421-0779');
insert into Passenger (FirstName, LastName, email, PassportNumber) values ('Sheilakathryn', 'Mcimmie', 'smcimmiemo@webnode.com', '82-012-0089');
insert into Passenger (FirstName, LastName, email, PassportNumber) values ('Amandy', 'Railton', 'arailtonmp@netscape.com', '81-740-0908');
insert into Passenger (FirstName, LastName, email, PassportNumber) values ('Dedra', 'Woolner', 'dwoolnermq@vistaprint.com', '61-527-8071');
insert into Passenger (FirstName, LastName, email, PassportNumber) values ('Archibaldo', 'Ditt', 'adittmr@about.me', '81-674-8199');
insert into Passenger (FirstName, LastName, email, PassportNumber) values ('Lorne', 'Ryhorovich', 'lryhorovichms@google.co.uk', '28-434-0907');
insert into Passenger (FirstName, LastName, email, PassportNumber) values ('Venita', 'Routham', 'vrouthammt@sciencedaily.com', '99-613-5731');
insert into Passenger (FirstName, LastName, email, PassportNumber) values ('Charlena', 'Richardsson', 'crichardssonmu@addtoany.com', '07-064-7855');
insert into Passenger (FirstName, LastName, email, PassportNumber) values ('Joanie', 'Steedman', 'jsteedmanmv@yandex.ru', '17-427-2291');
insert into Passenger (FirstName, LastName, email, PassportNumber) values ('Devy', 'Yeldon', 'dyeldonmw@pbs.org', '28-643-1795');
insert into Passenger (FirstName, LastName, email, PassportNumber) values ('Ericha', 'Drains', 'edrainsmx@fotki.com', '82-395-9329');
insert into Passenger (FirstName, LastName, email, PassportNumber) values ('Emlyn', 'Knoton', 'eknotonmy@indiatimes.com', '23-405-1267');
insert into Passenger (FirstName, LastName, email, PassportNumber) values ('Leodora', 'Lardnar', 'llardnarmz@nih.gov', '48-401-5135');
insert into Passenger (FirstName, LastName, email, PassportNumber) values ('Stan', 'Ditts', 'sdittsn0@psu.edu', '31-513-5146');
insert into Passenger (FirstName, LastName, email, PassportNumber) values ('Antoinette', 'Easbie', 'aeasbien1@dot.gov', '35-571-6162');
insert into Passenger (FirstName, LastName, email, PassportNumber) values ('Quillan', 'Ram', 'qramn2@sakura.ne.jp', '79-460-8790');
insert into Passenger (FirstName, LastName, email, PassportNumber) values ('Susann', 'Brecher', 'sbrechern3@webnode.com', '71-662-4847');
insert into Passenger (FirstName, LastName, email, PassportNumber) values ('Carine', 'Kitchaside', 'ckitchasiden4@seesaa.net', '71-953-1818');
insert into Passenger (FirstName, LastName, email, PassportNumber) values ('Holli', 'Drepp', 'hdreppn5@xinhuanet.com', '27-934-1997');
insert into Passenger (FirstName, LastName, email, PassportNumber) values ('Cathe', 'Elvy', 'celvyn6@lycos.com', '87-886-4307');
insert into Passenger (FirstName, LastName, email, PassportNumber) values ('Clarisse', 'Jako', 'cjakon7@acquirethisname.com', '13-602-7676');
insert into Passenger (FirstName, LastName, email, PassportNumber) values ('Fanni', 'Sprulls', 'fsprullsn8@cornell.edu', '35-931-1297');
insert into Passenger (FirstName, LastName, email, PassportNumber) values ('Lola', 'Stutely', 'lstutelyn9@bloglines.com', '10-059-5576');
insert into Passenger (FirstName, LastName, email, PassportNumber) values ('Katee', 'Daulton', 'kdaultonna@seesaa.net', '30-329-3720');
insert into Passenger (FirstName, LastName, email, PassportNumber) values ('Olivette', 'Wadeling', 'owadelingnb@nps.gov', '61-168-5018');
insert into Passenger (FirstName, LastName, email, PassportNumber) values ('Kandy', 'Ritchard', 'kritchardnc@mysql.com', '62-321-2163');
insert into Passenger (FirstName, LastName, email, PassportNumber) values ('Rhody', 'Simonetto', 'rsimonettond@nba.com', '34-171-0297');
insert into Passenger (FirstName, LastName, email, PassportNumber) values ('Warner', 'Purkins', 'wpurkinsne@nps.gov', '05-248-4773');
insert into Passenger (FirstName, LastName, email, PassportNumber) values ('Johann', 'O''Kielt', 'jokieltnf@slideshare.net', '61-909-0256');
insert into Passenger (FirstName, LastName, email, PassportNumber) values ('Karlee', 'Hindenburg', 'khindenburgng@pagesperso-orange.fr', '11-910-2003');
insert into Passenger (FirstName, LastName, email, PassportNumber) values ('Mela', 'Kingsly', 'mkingslynh@cbsnews.com', '20-651-0075');
insert into Passenger (FirstName, LastName, email, PassportNumber) values ('Fraser', 'Curner', 'fcurnerni@free.fr', '71-267-5397');
insert into Passenger (FirstName, LastName, email, PassportNumber) values ('Bessy', 'Tombling', 'btomblingnj@fastcompany.com', '49-722-6200');
insert into Passenger (FirstName, LastName, email, PassportNumber) values ('Krishna', 'Hlavac', 'khlavacnk@storify.com', '34-184-8853');
insert into Passenger (FirstName, LastName, email, PassportNumber) values ('Catharina', 'St. Pierre', 'cstpierrenl@de.vu', '57-099-0043');
insert into Passenger (FirstName, LastName, email, PassportNumber) values ('Nevin', 'Miner', 'nminernm@elpais.com', '02-730-4321');
insert into Passenger (FirstName, LastName, email, PassportNumber) values ('Sigismond', 'Spensly', 'sspenslynn@boston.com', '34-639-2694');
insert into Passenger (FirstName, LastName, email, PassportNumber) values ('Monica', 'Jackalin', 'mjackalinno@zdnet.com', '56-057-3967');
insert into Passenger (FirstName, LastName, email, PassportNumber) values ('Fredrick', 'Garbar', 'fgarbarnp@quantcast.com', '64-412-9007');
insert into Passenger (FirstName, LastName, email, PassportNumber) values ('Kendra', 'Hrinchenko', 'khrinchenkonq@studiopress.com', '79-701-3886');
insert into Passenger (FirstName, LastName, email, PassportNumber) values ('Georgetta', 'Aloshikin', 'galoshikinnr@dropbox.com', '57-125-2827');
insert into Passenger (FirstName, LastName, email, PassportNumber) values ('Licha', 'Faudrie', 'lfaudriens@furl.net', '34-048-8007');
insert into Passenger (FirstName, LastName, email, PassportNumber) values ('Iver', 'Preddy', 'ipreddynt@bravesites.com', '47-444-1035');
insert into Passenger (FirstName, LastName, email, PassportNumber) values ('Ash', 'Sharrem', 'asharremnu@vinaora.com', '11-236-7227');
insert into Passenger (FirstName, LastName, email, PassportNumber) values ('Sophia', 'Rohfsen', 'srohfsennv@com.com', '33-841-8334');
insert into Passenger (FirstName, LastName, email, PassportNumber) values ('Rorke', 'Christaeas', 'rchristaeasnw@baidu.com', '66-753-2076');
insert into Passenger (FirstName, LastName, email, PassportNumber) values ('Bea', 'Windebank', 'bwindebanknx@salon.com', '40-399-7863');
insert into Passenger (FirstName, LastName, email, PassportNumber) values ('Edvard', 'Richard', 'erichardny@admin.ch', '54-610-9627');
insert into Passenger (FirstName, LastName, email, PassportNumber) values ('Audie', 'Cabrer', 'acabrernz@infoseek.co.jp', '30-674-2055');
insert into Passenger (FirstName, LastName, email, PassportNumber) values ('Gaye', 'Bonwell', 'gbonwello0@arizona.edu', '37-346-8289');
insert into Passenger (FirstName, LastName, email, PassportNumber) values ('Vassili', 'Readhead', 'vreadheado1@shinystat.com', '35-284-9922');
insert into Passenger (FirstName, LastName, email, PassportNumber) values ('Janel', 'Covil', 'jcovilo2@telegraph.co.uk', '99-645-3917');
insert into Passenger (FirstName, LastName, email, PassportNumber) values ('Jenelle', 'Critch', 'jcritcho3@bbb.org', '28-419-3745');
insert into Passenger (FirstName, LastName, email, PassportNumber) values ('Vasili', 'Asplen', 'vaspleno4@bigcartel.com', '51-132-3087');
insert into Passenger (FirstName, LastName, email, PassportNumber) values ('Osborne', 'Cordingley', 'ocordingleyo5@addtoany.com', '93-938-9486');
insert into Passenger (FirstName, LastName, email, PassportNumber) values ('Edvard', 'Course', 'ecourseo6@tripod.com', '06-262-4482');
insert into Passenger (FirstName, LastName, email, PassportNumber) values ('Winona', 'Van''t Hoff', 'wvanthoffo7@miitbeian.gov.cn', '67-254-8532');
insert into Passenger (FirstName, LastName, email, PassportNumber) values ('Celesta', 'Filoniere', 'cfiloniereo8@time.com', '67-485-5070');
insert into Passenger (FirstName, LastName, email, PassportNumber) values ('Gottfried', 'Aldin', 'galdino9@latimes.com', '08-787-5366');
insert into Passenger (FirstName, LastName, email, PassportNumber) values ('Bennie', 'Scemp', 'bscempoa@chron.com', '12-303-8300');
insert into Passenger (FirstName, LastName, email, PassportNumber) values ('Anetta', 'Thyng', 'athyngob@imdb.com', '09-371-1545');
insert into Passenger (FirstName, LastName, email, PassportNumber) values ('Carlyle', 'Burburough', 'cburburoughoc@nih.gov', '21-003-1007');
insert into Passenger (FirstName, LastName, email, PassportNumber) values ('Rahal', 'Houldey', 'rhouldeyod@t.co', '69-463-0156');
insert into Passenger (FirstName, LastName, email, PassportNumber) values ('Angelita', 'Broster', 'abrosteroe@java.com', '10-592-3586');
insert into Passenger (FirstName, LastName, email, PassportNumber) values ('Vitia', 'Algeo', 'valgeoof@delicious.com', '42-633-7513');
insert into Passenger (FirstName, LastName, email, PassportNumber) values ('Hayward', 'Dunlop', 'hdunlopog@hp.com', '21-252-1832');
insert into Passenger (FirstName, LastName, email, PassportNumber) values ('Ailyn', 'Cottom', 'acottomoh@ca.gov', '41-357-6782');
insert into Passenger (FirstName, LastName, email, PassportNumber) values ('Ddene', 'Kershaw', 'dkershawoi@tuttocitta.it', '30-523-9418');
insert into Passenger (FirstName, LastName, email, PassportNumber) values ('Paloma', 'Drynan', 'pdrynanoj@pinterest.com', '65-089-5322');
insert into Passenger (FirstName, LastName, email, PassportNumber) values ('Stacee', 'Linklet', 'slinkletok@unc.edu', '59-217-3615');
insert into Passenger (FirstName, LastName, email, PassportNumber) values ('Gram', 'Fouldes', 'gfouldesol@sphinn.com', '47-156-7425');
insert into Passenger (FirstName, LastName, email, PassportNumber) values ('Nariko', 'Richardet', 'nrichardetom@census.gov', '46-193-1434');
insert into Passenger (FirstName, LastName, email, PassportNumber) values ('Lorrie', 'Madders', 'lmadderson@gmpg.org', '93-617-3251');
insert into Passenger (FirstName, LastName, email, PassportNumber) values ('Paula', 'Kearley', 'pkearleyoo@twitpic.com', '45-835-3843');
insert into Passenger (FirstName, LastName, email, PassportNumber) values ('Romy', 'Oliveira', 'roliveiraop@woothemes.com', '81-468-5990');
insert into Passenger (FirstName, LastName, email, PassportNumber) values ('Nikolai', 'Mecchi', 'nmecchioq@mlb.com', '49-007-4112');
insert into Passenger (FirstName, LastName, email, PassportNumber) values ('Deane', 'MacAlees', 'dmacaleesor@ocn.ne.jp', '60-643-7518');
insert into Passenger (FirstName, LastName, email, PassportNumber) values ('Henka', 'Loughney', 'hloughneyos@nationalgeographic.com', '23-137-0324');
insert into Passenger (FirstName, LastName, email, PassportNumber) values ('Irene', 'MacAllan', 'imacallanot@diigo.com', '84-957-6420');
insert into Passenger (FirstName, LastName, email, PassportNumber) values ('Oralla', 'Glenfield', 'oglenfieldou@networkadvertising.org', '63-957-3539');
insert into Passenger (FirstName, LastName, email, PassportNumber) values ('Shane', 'Januszkiewicz', 'sjanuszkiewiczov@purevolume.com', '31-557-5188');
insert into Passenger (FirstName, LastName, email, PassportNumber) values ('Lorne', 'Moffett', 'lmoffettow@blogger.com', '74-530-5703');
insert into Passenger (FirstName, LastName, email, PassportNumber) values ('Johannah', 'Shutt', 'jshuttox@soundcloud.com', '63-695-6405');
insert into Passenger (FirstName, LastName, email, PassportNumber) values ('Morissa', 'McAuslene', 'mmcausleneoy@walmart.com', '55-516-5483');
insert into Passenger (FirstName, LastName, email, PassportNumber) values ('Patrice', 'Bullus', 'pbullusoz@jiathis.com', '63-723-2813');
insert into Passenger (FirstName, LastName, email, PassportNumber) values ('Oliviero', 'Elderfield', 'oelderfieldp0@t-online.de', '82-582-1643');
insert into Passenger (FirstName, LastName, email, PassportNumber) values ('Leelah', 'Cheater', 'lcheaterp1@narod.ru', '24-160-2037');
insert into Passenger (FirstName, LastName, email, PassportNumber) values ('Tammara', 'Swett', 'tswettp2@virginia.edu', '89-329-5425');
insert into Passenger (FirstName, LastName, email, PassportNumber) values ('Guillaume', 'Crysell', 'gcrysellp3@bing.com', '10-385-2099');
insert into Passenger (FirstName, LastName, email, PassportNumber) values ('Frank', 'Bothram', 'fbothramp4@wiley.com', '36-775-2773');
insert into Passenger (FirstName, LastName, email, PassportNumber) values ('Hinda', 'Leyfield', 'hleyfieldp5@sciencedaily.com', '67-005-0847');
insert into Passenger (FirstName, LastName, email, PassportNumber) values ('Zulema', 'Tallon', 'ztallonp6@1und1.de', '88-752-6566');
insert into Passenger (FirstName, LastName, email, PassportNumber) values ('Nikos', 'Torn', 'ntornp7@bizjournals.com', '43-867-7307');
insert into Passenger (FirstName, LastName, email, PassportNumber) values ('Gary', 'Cuddehy', 'gcuddehyp8@issuu.com', '70-168-8847');
insert into Passenger (FirstName, LastName, email, PassportNumber) values ('Irvin', 'Mair', 'imairp9@google.fr', '26-792-9372');
insert into Passenger (FirstName, LastName, email, PassportNumber) values ('Massimo', 'Brecher', 'mbrecherpa@samsung.com', '99-476-3433');
insert into Passenger (FirstName, LastName, email, PassportNumber) values ('Tabor', 'Braid', 'tbraidpb@nifty.com', '48-569-0607');
insert into Passenger (FirstName, LastName, email, PassportNumber) values ('Dorthy', 'Cubbini', 'dcubbinipc@arizona.edu', '01-424-4235');
insert into Passenger (FirstName, LastName, email, PassportNumber) values ('Evan', 'Skally', 'eskallypd@canalblog.com', '74-821-8819');
insert into Passenger (FirstName, LastName, email, PassportNumber) values ('Ramsey', 'Ellershaw', 'rellershawpe@ow.ly', '96-708-8005');
insert into Passenger (FirstName, LastName, email, PassportNumber) values ('Benjamen', 'Brimilcome', 'bbrimilcomepf@reuters.com', '62-770-7336');
insert into Passenger (FirstName, LastName, email, PassportNumber) values ('Leonid', 'Drewery', 'ldrewerypg@surveymonkey.com', '07-381-6513');
insert into Passenger (FirstName, LastName, email, PassportNumber) values ('Carena', 'Schenfisch', 'cschenfischph@hp.com', '75-157-3532');
insert into Passenger (FirstName, LastName, email, PassportNumber) values ('Karyl', 'Bastow', 'kbastowpi@wiley.com', '47-968-1112');
insert into Passenger (FirstName, LastName, email, PassportNumber) values ('Gertrudis', 'Gedling', 'ggedlingpj@examiner.com', '89-878-4561');
insert into Passenger (FirstName, LastName, email, PassportNumber) values ('Isaac', 'Giraldon', 'igiraldonpk@zdnet.com', '35-515-4202');
insert into Passenger (FirstName, LastName, email, PassportNumber) values ('Binny', 'Niccolls', 'bniccollspl@amazon.de', '63-570-8615');
insert into Passenger (FirstName, LastName, email, PassportNumber) values ('Shina', 'Cersey', 'scerseypm@blinklist.com', '80-429-8949');
insert into Passenger (FirstName, LastName, email, PassportNumber) values ('Aurea', 'Spreull', 'aspreullpn@bing.com', '41-013-8389');
insert into Passenger (FirstName, LastName, email, PassportNumber) values ('Hedi', 'Olech', 'holechpo@dot.gov', '59-885-2631');
insert into Passenger (FirstName, LastName, email, PassportNumber) values ('Jesus', 'Erbain', 'jerbainpp@wordpress.org', '59-828-9219');
insert into Passenger (FirstName, LastName, email, PassportNumber) values ('Melodie', 'Cromly', 'mcromlypq@ovh.net', '65-704-4588');
insert into Passenger (FirstName, LastName, email, PassportNumber) values ('Modesty', 'Warricker', 'mwarrickerpr@alexa.com', '46-587-0217');
insert into Passenger (FirstName, LastName, email, PassportNumber) values ('Hephzibah', 'Labes', 'hlabesps@umn.edu', '27-764-4680');
insert into Passenger (FirstName, LastName, email, PassportNumber) values ('Jaclyn', 'Tonkes', 'jtonkespt@nba.com', '01-997-6458');
insert into Passenger (FirstName, LastName, email, PassportNumber) values ('Rasla', 'Gaskall', 'rgaskallpu@pcworld.com', '58-001-1296');
insert into Passenger (FirstName, LastName, email, PassportNumber) values ('Buck', 'Lawson', 'blawsonpv@paginegialle.it', '95-794-2328');
insert into Passenger (FirstName, LastName, email, PassportNumber) values ('Gustave', 'Arnal', 'garnalpw@google.co.jp', '30-071-6890');
insert into Passenger (FirstName, LastName, email, PassportNumber) values ('Kiersten', 'Abbet', 'kabbetpx@epa.gov', '67-633-9967');
insert into Passenger (FirstName, LastName, email, PassportNumber) values ('Blinnie', 'Searle', 'bsearlepy@ning.com', '30-459-5843');
insert into Passenger (FirstName, LastName, email, PassportNumber) values ('Jared', 'Danilovitch', 'jdanilovitchpz@themeforest.net', '11-111-4138');
insert into Passenger (FirstName, LastName, email, PassportNumber) values ('Nolie', 'Tradewell', 'ntradewellq0@xrea.com', '00-652-8172');
insert into Passenger (FirstName, LastName, email, PassportNumber) values ('Cherye', 'Brazel', 'cbrazelq1@nba.com', '36-453-4879');
insert into Passenger (FirstName, LastName, email, PassportNumber) values ('Maggie', 'Capelle', 'mcapelleq2@fc2.com', '87-285-0855');
insert into Passenger (FirstName, LastName, email, PassportNumber) values ('Elsworth', 'Chown', 'echownq3@cbsnews.com', '30-792-5593');
insert into Passenger (FirstName, LastName, email, PassportNumber) values ('Clayborne', 'Celier', 'ccelierq4@ow.ly', '15-683-9774');
insert into Passenger (FirstName, LastName, email, PassportNumber) values ('Ferdinande', 'Brummitt', 'fbrummittq5@biblegateway.com', '35-539-7004');
insert into Passenger (FirstName, LastName, email, PassportNumber) values ('Mignon', 'Broxis', 'mbroxisq6@spotify.com', '06-131-3285');
insert into Passenger (FirstName, LastName, email, PassportNumber) values ('Filberte', 'Geany', 'fgeanyq7@economist.com', '56-209-7508');
insert into Passenger (FirstName, LastName, email, PassportNumber) values ('Rosanna', 'Crackel', 'rcrackelq8@booking.com', '03-791-1984');
insert into Passenger (FirstName, LastName, email, PassportNumber) values ('Royal', 'Torrisi', 'rtorrisiq9@yale.edu', '82-961-4363');
insert into Passenger (FirstName, LastName, email, PassportNumber) values ('Larry', 'Godin', 'lgodinqa@goodreads.com', '25-083-3050');
insert into Passenger (FirstName, LastName, email, PassportNumber) values ('Jessamyn', 'Bellon', 'jbellonqb@google.de', '33-213-0484');
insert into Passenger (FirstName, LastName, email, PassportNumber) values ('Lita', 'Twydell', 'ltwydellqc@is.gd', '00-559-8529');
insert into Passenger (FirstName, LastName, email, PassportNumber) values ('Fae', 'Sanderson', 'fsandersonqd@wix.com', '07-612-9947');
insert into Passenger (FirstName, LastName, email, PassportNumber) values ('Marnie', 'Santus', 'msantusqe@nasa.gov', '00-452-0577');
insert into Passenger (FirstName, LastName, email, PassportNumber) values ('Glen', 'Tabary', 'gtabaryqf@dedecms.com', '50-137-2201');
insert into Passenger (FirstName, LastName, email, PassportNumber) values ('Cassius', 'Wyss', 'cwyssqg@shareasale.com', '21-174-1431');
insert into Passenger (FirstName, LastName, email, PassportNumber) values ('Olav', 'Coggins', 'ocogginsqh@home.pl', '41-754-5853');
insert into Passenger (FirstName, LastName, email, PassportNumber) values ('Phillip', 'Mehmet', 'pmehmetqi@bandcamp.com', '11-049-2568');
insert into Passenger (FirstName, LastName, email, PassportNumber) values ('Cordey', 'Grzes', 'cgrzesqj@unc.edu', '34-779-9041');
insert into Passenger (FirstName, LastName, email, PassportNumber) values ('Allison', 'Ilbert', 'ailbertqk@google.es', '66-699-1755');
insert into Passenger (FirstName, LastName, email, PassportNumber) values ('Stormy', 'Redmell', 'sredmellql@ftc.gov', '18-581-0180');
insert into Passenger (FirstName, LastName, email, PassportNumber) values ('Marice', 'Cosham', 'mcoshamqm@engadget.com', '87-294-4498');
insert into Passenger (FirstName, LastName, email, PassportNumber) values ('Tadd', 'Vlasyuk', 'tvlasyukqn@unicef.org', '74-752-3063');
insert into Passenger (FirstName, LastName, email, PassportNumber) values ('Alexandra', 'Greaser', 'agreaserqo@go.com', '06-303-8640');
insert into Passenger (FirstName, LastName, email, PassportNumber) values ('Waneta', 'Huws', 'whuwsqp@a8.net', '27-478-8478');
insert into Passenger (FirstName, LastName, email, PassportNumber) values ('Putnem', 'Hebborn', 'phebbornqq@oakley.com', '65-130-9081');
insert into Passenger (FirstName, LastName, email, PassportNumber) values ('Mattheus', 'Beller', 'mbellerqr@github.io', '76-965-2019');
insert into Passenger (FirstName, LastName, email, PassportNumber) values ('Fallon', 'Macro', 'fmacroqs@technorati.com', '89-143-3788');
insert into Passenger (FirstName, LastName, email, PassportNumber) values ('Nollie', 'Pybus', 'npybusqt@freewebs.com', '49-131-3110');
insert into Passenger (FirstName, LastName, email, PassportNumber) values ('Torre', 'Imlacke', 'timlackequ@cocolog-nifty.com', '93-926-9185');
insert into Passenger (FirstName, LastName, email, PassportNumber) values ('Conny', 'Simonou', 'csimonouqv@yale.edu', '23-260-1175');
insert into Passenger (FirstName, LastName, email, PassportNumber) values ('Cheri', 'Bohden', 'cbohdenqw@businessinsider.com', '57-235-3511');
insert into Passenger (FirstName, LastName, email, PassportNumber) values ('Cosetta', 'Maultby', 'cmaultbyqx@livejournal.com', '54-235-0024');
insert into Passenger (FirstName, LastName, email, PassportNumber) values ('Meridel', 'Hospital', 'mhospitalqy@geocities.com', '18-737-7838');
insert into Passenger (FirstName, LastName, email, PassportNumber) values ('Jere', 'Shears', 'jshearsqz@psu.edu', '46-070-1066');
insert into Passenger (FirstName, LastName, email, PassportNumber) values ('Shae', 'Congdon', 'scongdonr0@chronoengine.com', '55-197-4138');
insert into Passenger (FirstName, LastName, email, PassportNumber) values ('Ferdinande', 'Dering', 'fderingr1@unc.edu', '79-596-6463');
insert into Passenger (FirstName, LastName, email, PassportNumber) values ('Nerissa', 'Purkiss', 'npurkissr2@bandcamp.com', '79-788-6866');
insert into Passenger (FirstName, LastName, email, PassportNumber) values ('Shaina', 'Orringe', 'sorringer3@hibu.com', '39-942-6384');
insert into Passenger (FirstName, LastName, email, PassportNumber) values ('Angy', 'Eva', 'aevar4@who.int', '40-579-9977');
insert into Passenger (FirstName, LastName, email, PassportNumber) values ('Shellysheldon', 'Kinchington', 'skinchingtonr5@springer.com', '53-960-1514');
insert into Passenger (FirstName, LastName, email, PassportNumber) values ('Elset', 'Bulled', 'ebulledr6@seattletimes.com', '32-015-8106');
insert into Passenger (FirstName, LastName, email, PassportNumber) values ('Connor', 'Burke', 'cburker7@answers.com', '93-057-8032');
insert into Passenger (FirstName, LastName, email, PassportNumber) values ('Fidela', 'Burbudge', 'fburbudger8@multiply.com', '46-468-9756');
insert into Passenger (FirstName, LastName, email, PassportNumber) values ('Alejandrina', 'Coatts', 'acoattsr9@macromedia.com', '79-567-5499');
insert into Passenger (FirstName, LastName, email, PassportNumber) values ('Peterus', 'Quogan', 'pquoganra@printfriendly.com', '95-025-5101');
insert into Passenger (FirstName, LastName, email, PassportNumber) values ('Giulio', 'Ayscough', 'gayscoughrb@cnet.com', '05-751-2907');
insert into Passenger (FirstName, LastName, email, PassportNumber) values ('Joycelin', 'Pollington', 'jpollingtonrc@thetimes.co.uk', '38-092-5870');
insert into Passenger (FirstName, LastName, email, PassportNumber) values ('Mead', 'Gain', 'mgainrd@deliciousdays.com', '91-998-9515');
insert into Passenger (FirstName, LastName, email, PassportNumber) values ('Winonah', 'Nairne', 'wnairnere@amazon.co.jp', '90-333-8646');
insert into Passenger (FirstName, LastName, email, PassportNumber) values ('Modesta', 'Lewis', 'mlewisrf@archive.org', '91-609-7527');
insert into Passenger (FirstName, LastName, email, PassportNumber) values ('Norri', 'Fewless', 'nfewlessrg@gnu.org', '91-682-7551');
insert into Passenger (FirstName, LastName, email, PassportNumber) values ('Trey', 'Churcher', 'tchurcherrh@who.int', '34-421-1444');
insert into Passenger (FirstName, LastName, email, PassportNumber) values ('Rowan', 'Edsall', 'redsallri@phoca.cz', '58-439-5751');
insert into Passenger (FirstName, LastName, email, PassportNumber) values ('Huntley', 'Jori', 'hjorirj@marketwatch.com', '56-251-2178');
insert into Passenger (FirstName, LastName, email, PassportNumber) values ('Bentlee', 'Guise', 'bguiserk@msn.com', '87-280-8915');
insert into Passenger (FirstName, LastName, email, PassportNumber) values ('Sam', 'Fellows', 'sfellowsrl@go.com', '56-288-6891');
insert into Passenger (FirstName, LastName, email, PassportNumber) values ('Marlo', 'Dowdall', 'mdowdallrm@exblog.jp', '63-829-9641');
insert into Passenger (FirstName, LastName, email, PassportNumber) values ('Dido', 'Bradder', 'dbradderrn@sfgate.com', '07-540-2328');
insert into Passenger (FirstName, LastName, email, PassportNumber) values ('Maxim', 'Scuse', 'mscusero@newyorker.com', '76-940-3289');
insert into Passenger (FirstName, LastName, email, PassportNumber) values ('Torre', 'Versey', 'tverseyrp@pinterest.com', '52-009-3584');
insert into Passenger (FirstName, LastName, email, PassportNumber) values ('Halli', 'Lillicrop', 'hlillicroprq@rediff.com', '41-534-5657');
insert into Passenger (FirstName, LastName, email, PassportNumber) values ('Aarika', 'Cronchey', 'acroncheyrr@reference.com', '45-823-6106');


-- Insert data into Booking table
INSERT INTO Booking (FlightID, PassengerID, UserID, BookingDate, PaymentStatus)
SELECT 
    (id % 3) + 1, 
    id % 1000 + 1, 
    RAND()* 28 +1,
    DATE_ADD('2025-03-01 00:00:00', INTERVAL (id % 30) DAY),
    CASE WHEN id % 4 = 0 THEN 'Pending' ELSE 'Paid' END
FROM (SELECT ROW_NUMBER() OVER () AS id FROM (SELECT * FROM information_schema.columns LIMIT 3000) AS tmp) AS t
WHERE id % 1000 + 1 IN (SELECT PassengerID FROM Passenger);

-- Insert data into Payment table
INSERT INTO Payment (PaymentID, BookingID, PaymentMethod, Amount, TransactionDateTime)
SELECT 
    id, 
    id, 
    CASE WHEN id % 3 = 0 THEN 'Credit Card' WHEN id % 3 = 1 THEN 'PayPal' ELSE 'Bank Transfer' END,
    ROUND(RAND() * (500 - 100) + 100, 2),
    DATE_ADD('2025-03-01 00:00:00', INTERVAL (id % 30) DAY)
FROM (SELECT ROW_NUMBER() OVER () AS id FROM (SELECT * FROM information_schema.columns LIMIT 3000) AS tmp) AS t
WHERE id IN (SELECT BookingID FROM Booking);

